acoustic_pitch_mean,acoustic_pitch_std,acoustic_pitch_median,acoustic_pitch_min,acoustic_pitch_max,acoustic_pitch_range,acoustic_pitch_slope_mean,acoustic_pitch_slope_std,acoustic_pitch_variability,acoustic_pitch_contour_std,acoustic_voicing_fraction,acoustic_intonation_range,acoustic_intonation_variability,acoustic_rhythm_variability,acoustic_stress_variability,acoustic_pitch_rising_ratio,acoustic_pitch_falling_ratio,acoustic_pitch_flat_ratio,acoustic_jitter,acoustic_shimmer,acoustic_hnr_mean,acoustic_hnr_std,acoustic_spectral_centroid_mean,acoustic_spectral_centroid_std,acoustic_spectral_rolloff_mean,acoustic_spectral_rolloff_std,acoustic_spectral_bandwidth_mean,acoustic_spectral_bandwidth_std,acoustic_zero_crossing_rate_mean,acoustic_zero_crossing_rate_std,acoustic_mfcc_1_mean,acoustic_mfcc_1_std,acoustic_mfcc_2_mean,acoustic_mfcc_2_std,acoustic_mfcc_3_mean,acoustic_mfcc_3_std,acoustic_mfcc_4_mean,acoustic_mfcc_4_std,acoustic_mfcc_5_mean,acoustic_mfcc_5_std,acoustic_energy_mean,acoustic_energy_std,acoustic_intensity_mean,acoustic_intensity_std,acoustic_intensity_range,acoustic_intensity_variability,acoustic_formant_1_mean,acoustic_formant_1_std,acoustic_formant_2_mean,acoustic_formant_2_std,acoustic_formant_3_mean,acoustic_formant_3_std,diagnosis,file_path,participant_id,dataset,acoustic_mfcc_6_mean,acoustic_mfcc_6_std,acoustic_mfcc_7_mean,acoustic_mfcc_7_std,acoustic_mfcc_8_mean,acoustic_mfcc_8_std,acoustic_mfcc_9_mean,acoustic_mfcc_9_std,acoustic_mfcc_10_mean,acoustic_mfcc_10_std,acoustic_mfcc_11_mean,acoustic_mfcc_11_std,acoustic_mfcc_12_mean,acoustic_mfcc_12_std,acoustic_mfcc_13_mean,acoustic_mfcc_13_std,acoustic_chroma_1_mean,acoustic_chroma_1_std,acoustic_chroma_2_mean,acoustic_chroma_2_std,acoustic_chroma_3_mean,acoustic_chroma_3_std,acoustic_chroma_4_mean,acoustic_chroma_4_std,acoustic_chroma_5_mean,acoustic_chroma_5_std,acoustic_chroma_6_mean,acoustic_chroma_6_std,acoustic_chroma_7_mean,acoustic_chroma_7_std,acoustic_chroma_8_mean,acoustic_chroma_8_std,acoustic_chroma_9_mean,acoustic_chroma_9_std,acoustic_chroma_10_mean,acoustic_chroma_10_std,acoustic_chroma_11_mean,acoustic_chroma_11_std,acoustic_chroma_12_mean,acoustic_chroma_12_std,acoustic_pitch_trajectory_slope,acoustic_pitch_trajectory_curvature,acoustic_pitch_acceleration_mean,acoustic_pitch_acceleration_std,acoustic_energy_trajectory_slope,acoustic_spectral_contrast_1,acoustic_spectral_contrast_2,acoustic_spectral_contrast_3,acoustic_spectral_contrast_4,acoustic_spectral_contrast_5,acoustic_spectral_contrast_6,acoustic_spectral_contrast_mean,acoustic_tonnetz_1,acoustic_tonnetz_2,acoustic_tonnetz_3,acoustic_tonnetz_4,acoustic_tonnetz_5,acoustic_tonnetz_6,acoustic_tempo,acoustic_onset_rate,acoustic_silence_ratio,acoustic_pitch_q25,acoustic_pitch_q75,acoustic_pitch_iqr,acoustic_pitch_percentile_10,acoustic_pitch_percentile_90,acoustic_pitch_median_abs_dev,acoustic_pitch_skewness,acoustic_pitch_kurtosis,acoustic_spectral_flatness_mean,acoustic_spectral_flatness_std,acoustic_spectral_flux_mean,acoustic_spectral_flux_std,acoustic_spectral_spread_mean,acoustic_spectral_spread_std,acoustic_mfcc_1_delta_mean,acoustic_mfcc_1_delta_std,acoustic_mfcc_2_delta_mean,acoustic_mfcc_2_delta_std,acoustic_mfcc_3_delta_mean,acoustic_mfcc_3_delta_std,acoustic_mfcc_4_delta_mean,acoustic_mfcc_4_delta_std,acoustic_mfcc_5_delta_mean,acoustic_mfcc_5_delta_std,acoustic_formant_4_mean,acoustic_formant_4_std,acoustic_formant_1_bandwidth,acoustic_formant_2_bandwidth,acoustic_formant_2_1_ratio,acoustic_pitch_energy_correlation,acoustic_pitch_intensity_correlation,acoustic_energy_spectral_centroid_correlation,acoustic_pitch_spectral_centroid_correlation,acoustic_intensity_spectral_bandwidth_correlation,acoustic_harmonic_energy_mean,acoustic_harmonic_energy_std,acoustic_percussive_energy_ratio,acoustic_energy_skewness,acoustic_energy_kurtosis,acoustic_intensity_skewness
415.09787642788376,229.23778989576488,339.28638158974695,66.93519325188251,1670.8421328729137,1603.9069396210311,0.007269513806601918,75.93985388794842,0.5522499702201947,229.23778989576488,0.5399786780383795,1603.9069396210311,0.5522499702201947,0.035246286541223526,0.035246286541223526,0.19466403162055335,0.11956521739130435,0.6857707509881423,,,,,1611.1636821389125,722.1877710265519,3022.258961886994,1383.258544988851,1362.9431861983196,511.8629426177613,0.14605569737806504,0.08985830673132154,-373.2520751953125,149.0156707763672,68.82211303710938,59.24617004394531,-28.42715835571289,42.855281829833984,10.91783618927002,30.52227020263672,-15.557429313659668,28.013612747192383,0.03284916654229164,0.035246286541223526,-29.583824157714844,22.24440574645996,80.0,22.24440574645996,546.4262990455992,209.21490034043535,1583.032873806999,542.5819550570509,3288.9925768822914,420.8731734095709,ASD,data\asdbank_aac\AAC\02_T2.wav,02_T2,asdbank_aac,,,,,,,,,,,,,,,,,,,,,,,,,,,,,,,,,,,,,,,,,,,,,,,,,,,,,,,,,,,,,,,,,,,,,,,,,,,,,,,,,,,,,,,,,,,,,,,,,,,,,
288.34579685251094,167.74806346156612,328.67829939993226,72.15494574405967,1288.3954124321501,1216.2404666880905,0.19731252530092908,46.4302697027652,0.5817600439911019,167.74806346156612,0.7910447761194029,1216.2404666880905,0.5817600439911019,0.03469875827431679,0.03469875827431679,0.17666891436277815,0.1706001348617667,0.6527309507754552,,,,,1013.2333709437785,376.97119261997705,1938.1912979744136,853.6138137648123,1099.986269751374,318.64757941622906,0.061998184301705755,0.03387292046196148,-379.58599853515625,73.4990234375,115.90850067138672,26.298776626586914,4.952603816986084,39.42704772949219,19.423866271972656,23.762569427490234,-3.302532911300659,20.282590866088867,0.02882476896047592,0.03469875827431679,-23.3253231048584,11.086406707763672,39.1503791809082,11.086406707763672,504.8261546445252,142.08496612367279,1539.9688635184225,548.8297126444513,2926.5801764400626,267.0672940204159,ASD,data\asdbank_aac\AAC\02_T3_1.wav,02_T3_1,asdbank_aac,,,,,,,,,,,,,,,,,,,,,,,,,,,,,,,,,,,,,,,,,,,,,,,,,,,,,,,,,,,,,,,,,,,,,,,,,,,,,,,,,,,,,,,,,,,,,,,,,,,,,
365.73920932692175,177.58745947964292,389.7377084050387,72.15494574405967,774.9859687646107,702.831023020551,0.3384793657473522,44.71194234709969,0.4855576185185646,177.58745947964292,0.8155650319829424,702.831023020551,0.4855576185185646,0.07152882218360901,0.07152882218360901,0.19947678221059517,0.2485284499672989,0.551994767822106,,,,,1188.8989507954798,455.17985143055387,2374.558568763326,984.8697507998957,1218.749089943415,341.20337266978885,0.06998090601679105,0.038279540661569106,-278.791259765625,86.82207489013672,108.84632873535156,30.10616683959961,-14.509126663208008,32.16992950439453,26.98957061767578,24.28102684020996,-9.185863494873047,22.82666015625,0.07813247293233871,0.07152882218360901,-18.04355239868164,11.058241844177246,43.411415100097656,11.058241844177246,482.74001037882726,150.9175065927069,1693.409444732745,603.3023811136118,2940.8614426569793,314.0145835140796,ASD,data\asdbank_aac\AAC\02_T3_2.wav,02_T3_2,asdbank_aac,,,,,,,,,,,,,,,,,,,,,,,,,,,,,,,,,,,,,,,,,,,,,,,,,,,,,,,,,,,,,,,,,,,,,,,,,,,,,,,,,,,,,,,,,,,,,,,,,,,,,
217.53606340663484,69.87933242262643,214.97519305553408,65.7852866955572,341.2518476034216,275.4665609078644,-0.1580297172094838,26.629691334095,0.3212310240808335,69.87933242262643,0.19349680170575692,275.4665609078644,0.3212310240808335,0.03399531915783882,0.03399531915783882,0.1712707182320442,0.1408839779005525,0.6878453038674033,,,,,1702.5420422536056,1270.0261751516705,3052.355410447761,2199.9248307370794,1322.0753346596664,725.4864778985132,0.19788300406449894,0.18575381024663187,-472.7884826660156,116.8580322265625,49.96946334838867,64.79995727539062,3.341311454772949,30.93476104736328,10.143450736999512,29.47237205505371,-2.673433780670166,21.67327117919922,0.018111633136868477,0.03399531915783882,-46.24187469482422,25.942638397216797,80.0,25.942638397216797,499.5121951219512,188.6695605767499,1722.4056961066506,514.0149033820177,3061.4512952582945,441.08791401802745,ASD,data\asdbank_aac\AAC\04_T1_1.wav,04_T1_1,asdbank_aac,,,,,,,,,,,,,,,,,,,,,,,,,,,,,,,,,,,,,,,,,,,,,,,,,,,,,,,,,,,,,,,,,,,,,,,,,,,,,,,,,,,,,,,,,,,,,,,,,,,,,
190.7648602245372,124.2264487545478,112.57112811964524,65.40639132514966,460.8094140410758,395.4030227159261,0.3841682024246667,34.37743696444796,0.6512019488721809,124.2264487545478,0.3448827292110874,395.4030227159261,0.6512019488721809,0.007795784156769514,0.007795784156769514,0.11145510835913312,0.11609907120743033,0.7724458204334366,,,,,1727.5736599201348,646.3454480384842,3601.287646588486,1190.8950560524756,1788.1617802951139,297.5405040706939,0.11282550348147655,0.07409481305681141,-401.095947265625,101.53845977783203,87.71876525878906,32.77401351928711,3.6866800785064697,27.655874252319336,23.22820281982422,17.668088912963867,-2.5280325412750244,17.549819946289062,0.007498036604374647,0.007795784156769514,-19.550119400024414,7.494462490081787,33.209266662597656,7.494462490081787,512.6310326933057,210.6523912805343,1554.665282823041,591.6910247790513,2920.6019719771666,359.8340722796606,ASD,data\asdbank_aac\AAC\04_T1_2.wav,04_T1_2,asdbank_aac,,,,,,,,,,,,,,,,,,,,,,,,,,,,,,,,,,,,,,,,,,,,,,,,,,,,,,,,,,,,,,,,,,,,,,,,,,,,,,,,,,,,,,,,,,,,,,,,,,,,,
321.96578362937527,168.5619722097164,285.30470202322215,65.7852866955572,1258.9684205430274,1193.1831338474701,-0.3065944274139713,52.94882304053408,0.5235400181646422,168.5619722097164,0.34701492537313433,1193.1831338474701,0.5235400181646422,0.02908087894320488,0.02908087894320488,0.17384615384615384,0.18615384615384614,0.64,,,,,1393.379398774354,873.7017627259087,2718.845782249467,1895.811352085525,1293.0830993648967,726.3443063684512,0.12130769839418977,0.09110921607349264,-458.0752258300781,134.50796508789062,73.64801025390625,65.37033081054688,-10.901739120483398,41.84092330932617,3.6877307891845703,23.658950805664062,-4.790877819061279,17.278385162353516,0.01854795776307583,0.02908087894320488,-42.6911735534668,25.834474563598633,80.0,25.834474563598633,495.65793435712146,173.85803029602354,1530.9052820589557,465.5507402246929,2891.6591388136108,352.3474778078442,ASD,data\asdbank_aac\AAC\04_T2.wav,04_T2,asdbank_aac,,,,,,,,,,,,,,,,,,,,,,,,,,,,,,,,,,,,,,,,,,,,,,,,,,,,,,,,,,,,,,,,,,,,,,,,,,,,,,,,,,,,,,,,,,,,,,,,,,,,,
123.29526822176445,80.87029304115575,85.3129619008554,65.40639132514966,460.8094140410758,395.4030227159261,-0.011424019956544792,21.135968100158593,0.6559075154100705,80.87029304115575,0.7857142857142857,395.4030227159261,0.6559075154100705,0.005999615415930748,0.005999615415930748,0.14120841819416158,0.13917175831636117,0.7196198234894773,,,,,1446.9973575175181,557.0879888592979,3170.9088486140727,1193.802455997525,1683.509552744242,354.31863207752974,0.07947428038379531,0.05320639346395055,-446.02252197265625,69.31006622314453,102.46826934814453,28.322053909301758,8.261445045471191,18.758407592773438,33.45943069458008,16.250856399536133,5.41896915435791,13.332773208618164,0.005421055015176535,0.005999615415930748,-21.81332015991211,6.678051471710205,37.37555694580078,6.678051471710205,412.24701608718226,109.64402900054839,1510.7420861442658,635.7677048458088,2922.9268292682927,307.4117200898714,ASD,data\asdbank_aac\AAC\04_T3_1.wav,04_T3_1,asdbank_aac,,,,,,,,,,,,,,,,,,,,,,,,,,,,,,,,,,,,,,,,,,,,,,,,,,,,,,,,,,,,,,,,,,,,,,,,,,,,,,,,,,,,,,,,,,,,,,,,,,,,,
320.264598976887,166.97735497380185,250.5345445219814,65.40639132514966,1089.6831971321476,1024.276805806998,-0.22533097797678964,59.906953342457584,0.5213731255568848,166.97735497380185,0.5149253731343284,1024.276805806998,0.5213731255568848,0.009162848815321922,0.009162848815321922,0.1772020725388601,0.17202072538860103,0.6507772020725389,,,,,1868.7153425051806,786.3468373788343,3788.820962153518,1569.4560917394626,1809.675733355827,447.9046952884958,0.14126580407116204,0.0963946132532803,-386.6559753417969,76.1131362915039,87.41737365722656,35.794036865234375,-1.76382315158844,28.20798110961914,13.615290641784668,19.508373260498047,2.176251173019409,19.23446273803711,0.010047837160527706,0.009162848815321922,-19.375995635986328,9.572985649108887,38.02240753173828,9.572985649108887,491.20913336792944,151.70491388381186,1650.5656460819928,485.02102660283896,3018.661131292164,412.73229652252644,ASD,data\asdbank_aac\AAC\05_T1_1.wav,05_T1_1,asdbank_aac,,,,,,,,,,,,,,,,,,,,,,,,,,,,,,,,,,,,,,,,,,,,,,,,,,,,,,,,,,,,,,,,,,,,,,,,,,,,,,,,,,,,,,,,,,,,,,,,,,,,,
320.264598976887,166.97735497380185,250.5345445219814,65.40639132514966,1089.6831971321476,1024.276805806998,-0.22533097797678964,59.906953342457584,0.5213731255568848,166.97735497380185,0.5149253731343284,1024.276805806998,0.5213731255568848,0.009162848815321922,0.009162848815321922,0.1772020725388601,0.17202072538860103,0.6507772020725389,,,,,1868.7153425051806,786.3468373788343,3788.820962153518,1569.4560917394626,1809.675733355827,447.9046952884958,0.14126580407116204,0.0963946132532803,-386.6559753417969,76.1131362915039,87.41737365722656,35.794036865234375,-1.76382315158844,28.20798110961914,13.615290641784668,19.508373260498047,2.176251173019409,19.23446273803711,0.010047837160527706,0.009162848815321922,-19.375995635986328,9.572985649108887,38.02240753173828,9.572985649108887,491.20913336792944,151.70491388381186,1650.5656460819928,485.02102660283896,3018.661131292164,412.73229652252644,ASD,data\asdbank_aac\AAC\05_T1_2.wav,05_T1_2,asdbank_aac,,,,,,,,,,,,,,,,,,,,,,,,,,,,,,,,,,,,,,,,,,,,,,,,,,,,,,,,,,,,,,,,,,,,,,,,,,,,,,,,,,,,,,,,,,,,,,,,,,,,,
384.5948473875651,202.63598383495454,307.5533855193843,65.40639132514966,1853.9154232805113,1788.5090319553617,0.17945649246031062,85.0508290388262,0.5268816917631598,202.63598383495454,0.47867803837953093,1788.5090319553617,0.5268816917631598,0.01541554369032383,0.01541554369032383,0.2564102564102564,0.1995540691192865,0.5440356744704571,,,,,2206.9899030338306,1207.928270513044,3967.4673507462685,1913.3711403366742,1672.3320148703442,562.5842423373531,0.22689799815098613,0.187081009589895,-491.89727783203125,136.1352081298828,36.020973205566406,49.49544906616211,-2.9214227199554443,37.214515686035156,20.83026885986328,36.819313049316406,-9.235897064208984,23.153427124023438,0.011750123463571072,0.01541554369032383,-34.29594802856445,24.60065269470215,79.01117706298828,24.60065269470215,470.76202287446614,138.64612211007514,1938.696431032107,601.911568336378,3004.3048091497867,421.131770852746,ASD,data\asdbank_aac\AAC\05_T2.wav,05_T2,asdbank_aac,,,,,,,,,,,,,,,,,,,,,,,,,,,,,,,,,,,,,,,,,,,,,,,,,,,,,,,,,,,,,,,,,,,,,,,,,,,,,,,,,,,,,,,,,,,,,,,,,,,,,
136.54596542947897,79.6759721892668,103.82617439498627,68.49972922973525,532.3973992564887,463.8976700267535,0.09881419939008479,23.03009469621267,0.5835102629261979,79.6759721892668,0.4989339019189765,463.8976700267535,0.5835102629261979,0.009223072789609432,0.009223072789609432,0.10802139037433155,0.09518716577540107,0.7967914438502673,,,,,1538.9564478864095,651.3535314656708,3340.8265591684435,1443.2501605220014,1779.2615713066718,374.3154700949164,0.09153061075759594,0.06426101307515335,-378.2415466308594,53.91840362548828,107.71868133544922,27.278329849243164,12.890125274658203,18.143524169921875,20.238422393798828,13.421610832214355,10.77702522277832,11.831986427307129,0.008714710362255573,0.009223072789609432,-22.94926643371582,5.8865437507629395,32.20447540283203,5.8865437507629395,457.24961079398025,85.88316386493743,1444.068500259471,397.0707134232331,3118.3809029579656,459.5046930679434,ASD,data\asdbank_aac\AAC\07_T1_1.wav,07_T1_1,asdbank_aac,,,,,,,,,,,,,,,,,,,,,,,,,,,,,,,,,,,,,,,,,,,,,,,,,,,,,,,,,,,,,,,,,,,,,,,,,,,,,,,,,,,,,,,,,,,,,,,,,,,,,
315.7507864533035,233.27986312631066,200.58229362960594,66.16637698451642,905.7859682462729,839.6195912617565,1.1591708990558842,60.72774203693217,0.738810077867567,233.27986312631066,0.20575692963752665,839.6195912617565,0.738810077867567,0.02752631902694702,0.02752631902694702,0.2025974025974026,0.14805194805194805,0.6493506493506493,,,,,1406.0323164103427,1439.8439449029422,2477.5119936034116,2432.2706159195654,1022.5429788840395,879.6337602750842,0.15487234933035715,0.18770953509575247,-515.3268432617188,115.72561645507812,33.641292572021484,59.595245361328125,2.677011728286743,27.206022262573242,6.599115371704102,20.336191177368164,-4.070713996887207,14.376737594604492,0.012135107070207596,0.02752631902694702,-56.77748107910156,26.942920684814453,80.0,26.942920684814453,516.9132347061176,160.90102160873315,1735.3698520591763,519.3836005755963,3165.4538184726107,421.7960901060918,ASD,data\asdbank_aac\AAC\07_T1_2.wav,07_T1_2,asdbank_aac,,,,,,,,,,,,,,,,,,,,,,,,,,,,,,,,,,,,,,,,,,,,,,,,,,,,,,,,,,,,,,,,,,,,,,,,,,,,,,,,,,,,,,,,,,,,,,,,,,,,,
588.6994279242954,368.2644715373121,479.82340237271336,131.5705733911144,2033.4207464951999,1901.8501731040856,2.308597484285151,181.15804124301533,0.6255560207282376,368.2644715373121,0.25906183368869934,1901.8501731040856,0.6255560207282376,0.028573818504810333,0.028573818504810333,0.22061855670103092,0.2515463917525773,0.5278350515463918,,,,,2785.771041388244,1275.745159662339,4756.209188432836,1808.6151656365469,1727.9046304656965,570.1391456939722,0.2890494861074094,0.16726087286865296,-457.997802734375,102.71021270751953,13.583176612854004,38.864402770996094,-4.35040807723999,31.638620376586914,0.821594774723053,19.162382125854492,-14.233893394470215,25.413108825683594,0.012352134101092815,0.028573818504810333,-46.21419906616211,22.329784393310547,80.0,22.329784393310547,559.6452328159646,179.48967019929364,1853.1263858093125,590.8928083353394,3212.59423503326,452.9786201755377,ASD,data\asdbank_aac\AAC\07_T2.wav,07_T2,asdbank_aac,,,,,,,,,,,,,,,,,,,,,,,,,,,,,,,,,,,,,,,,,,,,,,,,,,,,,,,,,,,,,,,,,,,,,,,,,,,,,,,,,,,,,,,,,,,,,,,,,,,,,
425.6006035846286,259.14222088536576,378.64263238750516,65.40639132514966,2080.94970340778,2015.5433120826303,3.436972386225481,107.79917546057638,0.6088859336728751,259.14222088536576,0.21162046908315565,2015.5433120826303,0.6088859336728751,0.024126090109348297,0.024126090109348297,0.20707070707070707,0.25252525252525254,0.5404040404040404,,,,,2541.577206042483,1378.9172548662657,4297.491337953092,2151.8783196588274,1571.0402061727668,694.7260729166285,0.2781542552305437,0.17943518611925716,-482.808837890625,106.64334106445312,16.178539276123047,50.0525016784668,-0.3781684339046478,30.391868591308594,8.454440116882324,22.351552963256836,-12.126944541931152,22.72774314880371,0.01036677323281765,0.024126090109348297,-48.83871078491211,23.794652938842773,80.0,23.794652938842773,543.9763488543977,189.6643748098508,1959.166297117517,619.8745639419695,3271.521064301552,455.9515327933836,ASD,data\asdbank_aac\AAC\07_T3_1.wav,07_T3_1,asdbank_aac,,,,,,,,,,,,,,,,,,,,,,,,,,,,,,,,,,,,,,,,,,,,,,,,,,,,,,,,,,,,,,,,,,,,,,,,,,,,,,,,,,,,,,,,,,,,,,,,,,,,,
568.0903285385648,252.95895987105558,514.2619893669481,121.34967043801211,1134.6458714268292,1013.2962009888171,0.6795455152274495,77.55524060131692,0.4452794690622575,252.95895987105558,0.18550106609808104,1013.2962009888171,0.4452794690622575,0.021693145856261253,0.021693145856261253,0.2680115273775216,0.2968299711815562,0.43515850144092216,,,,,2431.825932873885,1454.4033877089828,4234.08348880597,2310.1242675407702,1576.3050329354046,782.082585735003,0.25079306661447226,0.18551222126850003,-487.22113037109375,99.52137756347656,14.338841438293457,47.38412094116211,3.1949939727783203,23.28081512451172,6.856797218322754,22.088027954101562,-10.211468696594238,19.997344970703125,0.009013975039124489,0.021693145856261253,-52.130069732666016,24.40692901611328,80.0,24.40692901611328,555.609756097561,183.6411419223474,1949.268292682927,567.9295814783238,3160.9756097560976,470.5150518732237,ASD,data\asdbank_aac\AAC\07_T3_2.wav,07_T3_2,asdbank_aac,,,,,,,,,,,,,,,,,,,,,,,,,,,,,,,,,,,,,,,,,,,,,,,,,,,,,,,,,,,,,,,,,,,,,,,,,,,,,,,,,,,,,,,,,,,,,,,,,,,,,
407.23316850499873,370.2255953405498,318.3992322368831,197.13312122062953,2093.004522404789,1895.8714011841594,-0.11075301073553505,137.87890765023621,0.9091243640582909,370.2255953405498,0.27611940298507465,1895.8714011841594,0.9091243640582909,0.02667081356048584,0.02667081356048584,0.2495164410058027,0.28239845261121854,0.46808510638297873,,,,,1442.4112693221384,1536.1250019141717,2378.502298773987,2435.4304730211875,937.8785618553607,840.5951262938947,0.15615473830623666,0.19132944286108514,-496.392333984375,100.92575073242188,19.98128318786621,47.71554183959961,-0.9086931347846985,31.918668746948242,11.008516311645508,29.74228286743164,-4.868293285369873,18.2618465423584,0.012642087414860725,0.02667081356048584,-54.71352005004883,27.76232147216797,80.0,27.76232147216797,573.7603393425238,200.501345050869,2033.068928950159,623.1082195561544,3013.7688229056207,449.05130406366146,ASD,data\asdbank_aac\AAC\08_T1_1.wav,08_T1_1,asdbank_aac,,,,,,,,,,,,,,,,,,,,,,,,,,,,,,,,,,,,,,,,,,,,,,,,,,,,,,,,,,,,,,,,,,,,,,,,,,,,,,,,,,,,,,,,,,,,,,,,,,,,,
289.2955557459934,248.85623419100196,177.66631669600923,77.78174593052022,1864.6550460723593,1786.873300141839,0.26160395687253796,69.22230984231123,0.8602145081326521,248.85623419100196,0.597547974413646,1786.873300141839,0.8602145081326521,0.022202860563993454,0.022202860563993454,0.15089285714285713,0.15357142857142858,0.6955357142857143,,,,,1421.0252547840869,558.3467288891729,2908.148987206823,1330.2418541970567,1535.6937507437833,440.60582511268285,0.08383731801372601,0.05014111480813705,-368.9731750488281,76.14326477050781,103.7194595336914,28.371580123901367,0.9018268585205078,29.397878646850586,18.21419906616211,22.050010681152344,2.234783411026001,17.503475189208984,0.016474982723593712,0.022202860563993454,-25.513460159301758,7.468776226043701,38.82969665527344,7.468776226043701,509.0607161390763,157.97379632504524,1582.4805396990146,494.5762695278302,3083.258951738454,418.85512446262317,ASD,data\asdbank_aac\AAC\08_T1_2.wav,08_T1_2,asdbank_aac,,,,,,,,,,,,,,,,,,,,,,,,,,,,,,,,,,,,,,,,,,,,,,,,,,,,,,,,,,,,,,,,,,,,,,,,,,,,,,,,,,,,,,,,,,,,,,,,,,,,,
316.5031447774521,102.05728371754418,305.78200836531414,65.40639132514966,659.2551138257398,593.8487225005902,-0.3176305631007154,43.53244104317041,0.32245266880145956,102.05728371754418,0.458955223880597,593.8487225005902,0.32245266880145956,0.03221137821674347,0.03221137821674347,0.23837209302325582,0.23488372093023255,0.5267441860465116,,,,,1324.0859443403372,1089.1304316706837,2464.543909914712,2046.0507843374216,1131.5005503008813,768.1999731388602,0.14661399337020256,0.1637607160373592,-428.0373840332031,130.32327270507812,71.31766510009766,67.65158081054688,-13.669017791748047,37.08100891113281,-0.34036871790885925,27.069807052612305,2.8459107875823975,18.1490421295166,0.023645803332328796,0.03221137821674347,-40.369773864746094,28.897884368896484,80.0,28.897884368896484,504.0170240628581,167.61853001058842,1653.3769847765595,500.80212159368836,2913.367163201833,409.8760432114368,ASD,data\asdbank_aac\AAC\09_T1_1.wav,09_T1_1,asdbank_aac,,,,,,,,,,,,,,,,,,,,,,,,,,,,,,,,,,,,,,,,,,,,,,,,,,,,,,,,,,,,,,,,,,,,,,,,,,,,,,,,,,,,,,,,,,,,,,,,,,,,,
377.3957773809528,95.5281419366883,361.54373841774776,221.27444703492776,1083.407083743526,862.1326367085983,-0.023981483367772522,32.83490877329686,0.2531245648789011,95.5281419366883,0.5143923240938166,862.1326367085983,0.2531245648789011,0.008924927562475204,0.008924927562475204,0.1970954356846473,0.19398340248962656,0.6089211618257261,,,,,1325.6158857640332,1057.9323282320454,2377.9234408315565,1982.5071319753067,1118.8844881553941,744.8540723700622,0.1308867041744403,0.1480843319373704,-557.99853515625,127.54523468017578,73.49226379394531,62.06045913696289,-19.64664649963379,41.46163558959961,-1.700753092765808,26.542949676513672,0.7708814144134521,17.76225471496582,0.005835500080138445,0.008924927562475204,-41.03238296508789,25.5146541595459,77.6385498046875,25.5146541595459,582.9723577235771,193.90464463983935,1609.8861788617885,499.14024091875746,2854.29593495935,402.7413338905352,ASD,data\asdbank_aac\AAC\09_T1_2.wav,09_T1_2,asdbank_aac,,,,,,,,,,,,,,,,,,,,,,,,,,,,,,,,,,,,,,,,,,,,,,,,,,,,,,,,,,,,,,,,,,,,,,,,,,,,,,,,,,,,,,,,,,,,,,,,,,,,,
339.4076502529622,72.17937777017487,337.3322358273121,194.86885420251932,474.31216053885623,279.44330633633695,-0.433839702790943,21.928593809166994,0.21266278976440048,72.17937777017487,0.12046908315565032,279.44330633633695,0.21266278976440048,0.02181134559214115,0.02181134559214115,0.19555555555555557,0.21777777777777776,0.5866666666666667,,,,,814.3146039442763,1204.955029212489,1489.8096015458423,2194.999649325649,618.7502131344097,848.1728728092442,0.08709912005263859,0.15197164528867352,-538.559326171875,117.38887023925781,25.332313537597656,51.253013610839844,-9.6011381149292,27.847694396972656,-0.15198339521884918,15.235666275024414,-1.440850853919983,11.678232192993164,0.007965755648911,0.02181134559214115,-64.92252349853516,25.61609649658203,80.0,25.61609649658203,558.784022622835,187.38454701136163,1710.0600919052672,528.0135746593295,2995.2633439377873,476.6232422670789,ASD,data\asdbank_aac\AAC\09_T2.wav,09_T2,asdbank_aac,,,,,,,,,,,,,,,,,,,,,,,,,,,,,,,,,,,,,,,,,,,,,,,,,,,,,,,,,,,,,,,,,,,,,,,,,,,,,,,,,,,,,,,,,,,,,,,,,,,,,
338.16646744671993,76.92169017022401,337.3322358273121,198.27510177438265,541.703541871763,343.4284400973804,0.032983071001531736,29.644210370252647,0.22746693588814645,76.92169017022401,0.1849680170575693,343.4284400973804,0.22746693588814645,0.030179060995578766,0.030179060995578766,0.18497109826589594,0.2023121387283237,0.6127167630057804,,,,,816.2416572443185,1199.4551427693543,1464.1191364605543,2178.439248246591,612.8533684996913,837.5447482734871,0.09770414112473348,0.1798684893684308,-511.4755554199219,109.61547088623047,23.103500366210938,46.53000259399414,-8.77501106262207,27.098276138305664,-0.4849296510219574,20.02159881591797,-3.2962565422058105,14.013533592224121,0.010755063965916634,0.030179060995578766,-64.48500061035156,26.457860946655273,80.0,26.457860946655273,564.3696324287187,156.04583986449828,1794.037940379404,509.27004629471924,2921.0030917210584,351.33728213015917,ASD,data\asdbank_aac\AAC\09_T3_1.wav,09_T3_1,asdbank_aac,,,,,,,,,,,,,,,,,,,,,,,,,,,,,,,,,,,,,,,,,,,,,,,,,,,,,,,,,,,,,,,,,,,,,,,,,,,,,,,,,,,,,,,,,,,,,,,,,,,,,
290.78063300598967,139.70123279513425,314.74735580289115,65.40639132514966,618.6700483138337,553.263656988684,-0.003714088248145986,53.35192475921675,0.4804351354178963,139.70123279513425,0.11087420042643924,553.263656988684,0.4804351354178963,0.01688184216618538,0.01688184216618538,0.16908212560386474,0.18357487922705315,0.6473429951690821,,,,,1613.5209382968603,1494.2979202931062,2904.642523987207,2671.1928484342966,1096.1956150369629,962.7376838886421,0.1785630996801706,0.1954739454503319,-577.5911254882812,97.36760711669922,15.008535385131836,38.75840377807617,-6.586282253265381,23.354379653930664,2.466043710708618,14.981189727783203,-3.4421329498291016,13.391396522521973,0.004505428951233625,0.01688184216618538,-64.49669647216797,20.815481185913086,80.0,20.815481185913086,695.3436807095346,194.80252830569697,1791.5742793791578,560.8095190702982,2933.7827050997785,396.8342435407066,ASD,data\asdbank_aac\AAC\09_T3_2.wav,09_T3_2,asdbank_aac,,,,,,,,,,,,,,,,,,,,,,,,,,,,,,,,,,,,,,,,,,,,,,,,,,,,,,,,,,,,,,,,,,,,,,,,,,,,,,,,,,,,,,,,,,,,,,,,,,,,,
334.5594188600939,161.04421152343937,320.24370022528115,65.40639132514966,1077.167118108097,1011.7607267829472,0.4034453845120408,49.071966790818315,0.4813620614004739,161.04421152343937,0.3997867803837953,1011.7607267829472,0.4813620614004739,0.02947021834552288,0.02947021834552288,0.1802403204272363,0.18958611481975968,0.630173564753004,,,,,1934.5316891773475,1244.2316738381992,3510.6151719083155,2193.582725628338,1469.711027779604,741.1692465291281,0.19058845698960555,0.13831182164567338,-476.81585693359375,121.83245086669922,43.44990158081055,55.34650421142578,-6.5474629402160645,31.89371681213379,-0.9529274106025696,22.705677032470703,-7.181135654449463,18.417070388793945,0.015597469173371792,0.02947021834552288,-45.194190979003906,25.260520935058594,80.0,25.260520935058594,545.868440502587,157.75778622693528,1623.7930524759795,447.30897397123806,3091.1101256467114,455.22830510380004,ASD,data\asdbank_aac\AAC\10_T1_1.wav,10_T1_1,asdbank_aac,,,,,,,,,,,,,,,,,,,,,,,,,,,,,,,,,,,,,,,,,,,,,,,,,,,,,,,,,,,,,,,,,,,,,,,,,,,,,,,,,,,,,,,,,,,,,,,,,,,,,
317.167321021148,192.7086989403129,267.74077300753,65.40639132514966,1167.8935332579397,1102.48714193279,0.8607165476001143,72.04187713818435,0.607593172965835,192.7086989403129,0.17270788912579957,1102.48714193279,0.607593172965835,0.01716942898929119,0.01716942898929119,0.19195046439628483,0.21362229102167182,0.5944272445820433,,,,,1009.8502985687549,1429.524506901446,1885.7692563965884,2475.6664782273756,783.2772556739743,961.7743758803788,0.09904587345082623,0.17018090326987687,-568.2633056640625,71.28192138671875,12.785279273986816,30.328414916992188,3.1669812202453613,13.607337951660156,2.127899646759033,12.764937400817871,-2.0865249633789062,11.442208290100098,0.0027867809403687716,0.01716942898929119,-69.65695190429688,17.950641632080078,80.0,17.950641632080078,508.22933164396574,187.57863282667333,1567.2600570161546,520.4923141044248,3149.318973709217,468.4558868842153,ASD,data\asdbank_aac\AAC\10_T1_2.wav,10_T1_2,asdbank_aac,,,,,,,,,,,,,,,,,,,,,,,,,,,,,,,,,,,,,,,,,,,,,,,,,,,,,,,,,,,,,,,,,,,,,,,,,,,,,,,,,,,,,,,,,,,,,,,,,,,,,
294.0199487244016,157.40366369076986,271.6362851094592,65.40639132514966,788.5324848825182,723.1260935573686,0.588129820809376,42.96337764579366,0.5353502861750089,157.40366369076986,0.20042643923240938,723.1260935573686,0.5353502861750089,0.030798016116023064,0.030798016116023064,0.17066666666666666,0.23733333333333334,0.592,,,,,1711.5003985178573,1256.851253890823,3303.983708688699,2397.4431971544095,1419.5482599696736,884.4848853763616,0.16864729435967485,0.150773488125614,-481.9659423828125,113.11885833740234,34.36562728881836,52.29287338256836,1.8877047300338745,24.680328369140625,-0.4434778392314911,14.195953369140625,-6.292805194854736,17.43525505065918,0.01242871768772602,0.030798016116023064,-55.06768035888672,24.580036163330078,80.0,24.580036163330078,495.93495934959356,165.78828617597836,1477.5067750677508,464.24381356336505,3114.6883468834694,455.6668803777539,ASD,data\asdbank_aac\AAC\10_T2.wav,10_T2,asdbank_aac,,,,,,,,,,,,,,,,,,,,,,,,,,,,,,,,,,,,,,,,,,,,,,,,,,,,,,,,,,,,,,,,,,,,,,,,,,,,,,,,,,,,,,,,,,,,,,,,,,,,,
292.5337372984262,113.61281267509631,267.74077300753,65.40639132514966,793.1004070975306,727.6940157723809,-0.500248159706201,47.92474954506843,0.38837507674950666,113.61281267509631,0.24253731343283583,727.6940157723809,0.38837507674950666,0.02700854279100895,0.02700854279100895,0.2577092511013216,0.20484581497797358,0.5374449339207048,,,,,1332.687420454516,1344.0733111907625,2572.5821228678037,2526.64452634322,1117.671239300181,973.1774891467526,0.1160867849646855,0.14281424382136473,-502.62994384765625,122.67342376708984,29.060630798339844,48.12629699707031,3.8210318088531494,21.87633514404297,4.492311954498291,19.02666473388672,-6.956093788146973,20.08641242980957,0.011930033564567566,0.02700854279100895,-57.4288444519043,27.59562873840332,80.0,27.59562873840332,503.1593343970823,164.75061059078033,1646.4645543651698,552.8790609357588,3127.2031000683837,435.48086742304497,ASD,data\asdbank_aac\AAC\10_T3_1.wav,10_T3_1,asdbank_aac,,,,,,,,,,,,,,,,,,,,,,,,,,,,,,,,,,,,,,,,,,,,,,,,,,,,,,,,,,,,,,,,,,,,,,,,,,,,,,,,,,,,,,,,,,,,,,,,,,,,,
364.40277943207184,171.78910185729447,320.24370022528115,71.32617550580554,1303.3658460121762,1232.0396705063706,0.2561906025507923,54.30306021379059,0.47142643128307316,171.78910185729447,0.5010660980810234,1232.0396705063706,0.47142643128307316,0.03510924056172371,0.03510924056172371,0.2896698615548456,0.24494142705005326,0.4653887113951012,,,,,1274.3374429470903,1027.4155910549787,2447.090718283582,1946.0081542128014,1184.0085640714879,748.1882895214338,0.11423282582622601,0.1450176589407632,-417.1382141113281,137.9696502685547,63.137088775634766,55.94375991821289,-5.460292816162109,37.642494201660156,7.215565204620361,26.32805824279785,-24.930431365966797,30.100711822509766,0.027750877663493156,0.03510924056172371,-38.591407775878906,28.92459487915039,80.0,28.92459487915039,542.7063147343802,174.68526450496844,1655.1687270297361,646.0639648610116,3102.492482459071,390.4258810717093,ASD,data\asdbank_aac\AAC\10_T3_2.wav,10_T3_2,asdbank_aac,,,,,,,,,,,,,,,,,,,,,,,,,,,,,,,,,,,,,,,,,,,,,,,,,,,,,,,,,,,,,,,,,,,,,,,,,,,,,,,,,,,,,,,,,,,,,,,,,,,,,
354.5074636936168,96.98632413446389,337.3322358273121,67.32294488175604,727.2762799757064,659.9533350939504,-0.1404633066980674,35.526218856521595,0.27358048579277405,96.98632413446389,0.4701492537313433,659.9533350939504,0.27358048579277405,0.03517862781882286,0.03517862781882286,0.2224744608399546,0.2758229284903519,0.5017026106696936,,,,,1861.1891897813962,1196.720903747284,3353.203291577825,2057.334139413071,1470.7503351103917,647.458090500656,0.18869988089685502,0.18492363050299213,-401.07183837890625,160.39944458007812,53.00334167480469,53.866981506347656,-2.1182379722595215,41.8994026184082,7.731545448303223,28.215295791625977,-20.503015518188477,24.695724487304688,0.026447519659996033,0.03517862781882286,-35.79218292236328,27.055173873901367,80.0,27.055173873901367,565.5113393239195,183.38129364590935,1791.926971901298,707.9762973739058,3173.6185993438885,428.40739592311746,ASD,data\asdbank_aac\AAC\11_T1_1.wav,11_T1_1,asdbank_aac,,,,,,,,,,,,,,,,,,,,,,,,,,,,,,,,,,,,,,,,,,,,,,,,,,,,,,,,,,,,,,,,,,,,,,,,,,,,,,,,,,,,,,,,,,,,,,,,,,,,,
359.9062424706583,96.39223066119526,339.28638158974695,202.90956258890662,739.9888454232688,537.0792828343622,-0.04820194288464686,40.950809649094985,0.2678259482233174,96.39223066119526,0.4685501066098081,537.0792828343622,0.2678259482233174,0.03270760551095009,0.03270760551095009,0.28132118451025057,0.22779043280182232,0.4908883826879271,,,,,1947.12383461946,1350.5354497168594,3458.672041577825,2169.0413902947794,1443.6639683669666,688.7632371570866,0.2083191048107676,0.2120479647908773,-410.7699890136719,151.90777587890625,45.54496765136719,63.73326110839844,-1.7047604322433472,34.94165802001953,10.46804428100586,27.46630859375,-17.965946197509766,22.775569915771484,0.02561434917151928,0.03270760551095009,-39.65791702270508,29.225900650024414,80.0,29.225900650024414,541.5309096487192,176.3867224892357,1903.5066728025774,686.6825380547258,3140.113514342691,482.8954954265688,ASD,data\asdbank_aac\AAC\11_T1_2.wav,11_T1_2,asdbank_aac,,,,,,,,,,,,,,,,,,,,,,,,,,,,,,,,,,,,,,,,,,,,,,,,,,,,,,,,,,,,,,,,,,,,,,,,,,,,,,,,,,,,,,,,,,,,,,,,,,,,,
347.31725302901384,138.10539210735132,307.5533855193843,193.74649219115264,854.9481082151732,661.2016160240205,-0.09770688894509083,56.74470959728946,0.39763470113537497,138.10539210735132,0.2755863539445629,661.2016160240205,0.39763470113537497,0.030296029523015022,0.030296029523015022,0.23449612403100775,0.25193798449612403,0.5135658914728682,,,,,1397.5672891212569,1647.8735574188179,2463.007229477612,2785.3962491725197,1069.3985621590834,982.5699473687231,0.14619364463952558,0.21561583272033702,-519.8748168945312,85.84619140625,28.1181583404541,53.15603256225586,11.933442115783691,23.078054428100586,5.306548118591309,17.449522018432617,-3.2061750888824463,13.311439514160156,0.011885412968695164,0.030296029523015022,-58.633052825927734,27.164588928222656,80.0,27.164588928222656,486.74057649667407,162.70104224117944,1804.4878048780488,690.1534553262496,3164.523281596454,408.96861775460303,ASD,data\asdbank_aac\AAC\11_T2.wav,11_T2,asdbank_aac,,,,,,,,,,,,,,,,,,,,,,,,,,,,,,,,,,,,,,,,,,,,,,,,,,,,,,,,,,,,,,,,,,,,,,,,,,,,,,,,,,,,,,,,,,,,,,,,,,,,,
291.501386257058,127.78671534343738,277.1826309768721,66.93519325188251,647.9295055642311,580.9943123123486,0.2782694308495057,42.76685382942915,0.4383742972349015,127.78671534343738,0.16098081023454158,580.9943123123486,0.4383742972349015,0.008663596585392952,0.008663596585392952,0.20930232558139536,0.22259136212624583,0.5681063122923588,,,,,2489.9502565917815,1078.2874505594216,4806.648953891258,1760.9499765523906,2008.8662605025406,468.9179048502533,0.22777747701226012,0.14881456128513476,-472.1907958984375,97.47149658203125,63.122127532958984,47.89142608642578,12.122234344482422,26.022418975830078,6.606177806854248,17.193801879882812,-9.200940132141113,14.093207359313965,0.0048490422777831554,0.008663596585392952,-29.531848907470703,11.2813081741333,74.60295867919922,11.2813081741333,498.17660101734714,146.10569312602402,1773.0011738620058,596.6089998299615,3168.6135385418024,509.49970692309694,ASD,data\asdbank_aac\AAC\11_T3_1.wav,11_T3_1,asdbank_aac,,,,,,,,,,,,,,,,,,,,,,,,,,,,,,,,,,,,,,,,,,,,,,,,,,,,,,,,,,,,,,,,,,,,,,,,,,,,,,,,,,,,,,,,,,,,,,,,,,,,,
165.92886227643444,118.73694723352196,83.8473362790669,65.40639132514966,601.057712971934,535.6513216467844,-0.0635884566144457,35.91299460263015,0.7155894737330771,118.73694723352196,0.42590618336886993,535.6513216467844,0.7155894737330771,0.018308188766241074,0.018308188766241074,0.13408521303258145,0.14035087719298245,0.7255639097744361,,,,,1122.8976526006993,544.5497050895597,2231.6223014392326,1472.6163403691762,1551.678542815187,409.50372588614107,0.05923117045908849,0.041558124964654046,-474.340087890625,85.49446105957031,79.92806243896484,30.315528869628906,37.50440216064453,22.00380516052246,24.837108612060547,14.864378929138184,5.6061015129089355,14.59865951538086,0.00819510966539383,0.018308188766241074,-35.47549057006836,11.437667846679688,80.0,11.437667846679688,395.0019564366768,78.12074975570557,1678.0070431720362,570.2864276959751,3080.6312769010046,537.7617170854286,ASD,data\asdbank_aac\AAC\11_T3_2.wav,11_T3_2,asdbank_aac,,,,,,,,,,,,,,,,,,,,,,,,,,,,,,,,,,,,,,,,,,,,,,,,,,,,,,,,,,,,,,,,,,,,,,,,,,,,,,,,,,,,,,,,,,,,,,,,,,,,,
278.85468692481396,76.57784482215352,270.8517709358815,65.40639132514966,587.329535834815,521.9231445096653,-0.38016766482064995,27.494253480172784,0.27461559160668075,76.57784482215352,0.3736673773987207,521.9231445096653,0.27461559160668075,0.030396882444620132,0.030396882444620132,0.18857142857142858,0.26571428571428574,0.5457142857142857,,,,,2035.6781460724662,1647.1117298195331,3546.516857675906,2660.2007135401705,1471.7191149601658,856.1352569776997,0.2005256050939499,0.21204705471548682,-454.6944580078125,123.2843017578125,33.836822509765625,57.326019287109375,20.771297454833984,34.26279830932617,8.583329200744629,25.18703269958496,-1.8422600030899048,14.220681190490723,0.018517818301916122,0.030396882444620132,-46.577796936035156,28.641185760498047,80.0,28.641185760498047,459.9896211728075,136.30542478815056,1980.0034596090645,648.4385584019827,3120.9548521017127,479.9281932285787,ASD,data\asdbank_aac\AAC\12_T1_1.wav,12_T1_1,asdbank_aac,,,,,,,,,,,,,,,,,,,,,,,,,,,,,,,,,,,,,,,,,,,,,,,,,,,,,,,,,,,,,,,,,,,,,,,,,,,,,,,,,,,,,,,,,,,,,,,,,,,,,
320.406512183442,102.5332891687529,297.0769881570017,67.32294488175604,845.1281916448838,777.8052467631278,1.6738344776445235e-16,45.09741202991963,0.32001000376062777,102.5332891687529,0.453091684434968,777.8052467631278,0.32001000376062777,0.030393080785870552,0.030393080785870552,0.13074204946996468,0.18256772673733804,0.6866902237926973,,,,,1905.8003079874782,1364.3339629428133,3486.219849413646,2370.2445957075856,1579.6871689735299,745.2158437264153,0.1947648753997868,0.20795392442704996,-461.700439453125,132.0250701904297,46.851219177246094,61.361366271972656,16.53778076171875,31.914854049682617,8.663732528686523,23.36428451538086,-3.4283130168914795,16.380359649658203,0.02184552513062954,0.030393080785870552,-40.65851974487305,29.474754333496094,80.0,29.474754333496094,519.3356277121054,152.0031518929135,1856.7948526111031,593.6639795996391,3000.712254975311,444.84510276674644,ASD,data\asdbank_aac\AAC\12_T1_2.wav,12_T1_2,asdbank_aac,,,,,,,,,,,,,,,,,,,,,,,,,,,,,,,,,,,,,,,,,,,,,,,,,,,,,,,,,,,,,,,,,,,,,,,,,,,,,,,,,,,,,,,,,,,,,,,,,,,,,
413.9541100686956,186.36937876719054,359.461399713042,70.91536696417685,1230.213542077537,1159.2981751133602,0.039007654700583975,70.2615541756018,0.4502174860306679,186.36937876719054,0.43710021321961623,1159.2981751133602,0.4502174860306679,0.030391760170459747,0.030391760170459747,0.25518925518925517,0.3137973137973138,0.43101343101343104,,,,,1788.5809175111344,1515.9871330379306,3156.9246401918977,2517.923099423295,1370.9406950852263,853.0092010114971,0.17464513717683902,0.20051272069274062,-456.7343444824219,131.397705078125,54.82343673706055,66.78942108154297,20.598880767822266,39.73917007446289,2.5407462120056152,29.79938316345215,-14.575636863708496,27.017480850219727,0.021457131952047348,0.030391760170459747,-40.62482452392578,30.13421058654785,80.0,30.13421058654785,516.578861788618,174.29275789436943,1614.6854942233633,665.6959547426494,3179.5635430038515,506.45443333609944,ASD,data\asdbank_aac\AAC\12_T2.wav,12_T2,asdbank_aac,,,,,,,,,,,,,,,,,,,,,,,,,,,,,,,,,,,,,,,,,,,,,,,,,,,,,,,,,,,,,,,,,,,,,,,,,,,,,,,,,,,,,,,,,,,,,,,,,,,,,
406.01639179725385,195.21560573727362,372.1377785978373,65.40639132514966,1326.1482796976268,1260.7418883724772,-0.8204550904775795,70.7369865597605,0.4808072030617804,195.21560573727362,0.37899786780383793,1260.7418883724772,0.4808072030617804,0.020640753209590912,0.020640753209590912,0.18169014084507043,0.19859154929577466,0.6197183098591549,,,,,1846.2604123368162,843.3245629674508,3582.439365671642,1746.267351989776,1678.7065546796757,511.36483248548655,0.1427462644922708,0.07651988366794642,-387.11474609375,110.18415069580078,67.36170959472656,40.031272888183594,-2.2138378620147705,33.324378967285156,-11.904050827026367,23.317312240600586,-28.29020118713379,21.349910736083984,0.017188789322972298,0.020640753209590912,-28.62783432006836,14.504378318786621,80.0,14.504378318786621,615.8300550747443,178.64006259435067,1434.5869394177814,522.0790893393487,3060.2675059008657,432.91198810939096,ASD,data\asdbank_aac\AAC\13_T1_1.wav,13_T1_1,asdbank_aac,,,,,,,,,,,,,,,,,,,,,,,,,,,,,,,,,,,,,,,,,,,,,,,,,,,,,,,,,,,,,,,,,,,,,,,,,,,,,,,,,,,,,,,,,,,,,,,,,,,,,
424.00781412239303,264.5527948397427,341.2518476034216,212.505992363466,1964.1549710291927,1751.6489786657266,-0.10387304851454525,98.29721484319587,0.623933772039818,264.5527948397427,0.40298507462686567,1751.6489786657266,0.623933772039818,0.038521796464920044,0.038521796464920044,0.25695364238410595,0.2768211920529801,0.46622516556291393,,,,,1696.8089579536102,784.750109015635,3051.064432302772,1492.0381670106372,1439.0745720029813,458.1188027127365,0.15833300364805436,0.09902550021274162,-407.2702331542969,149.22518920898438,71.86400604248047,52.43326950073242,-22.684314727783203,41.9876708984375,-2.5156197547912598,23.941373825073242,-14.98880672454834,22.13532066345215,0.029334815219044685,0.038521796464920044,-29.457971572875977,20.292938232421875,80.0,20.292938232421875,626.9918699186993,206.51616584852013,1553.5064253868345,570.8172740028994,2997.0731707317077,390.31774806163656,ASD,data\asdbank_aac\AAC\13_T1_2.wav,13_T1_2,asdbank_aac,,,,,,,,,,,,,,,,,,,,,,,,,,,,,,,,,,,,,,,,,,,,,,,,,,,,,,,,,,,,,,,,,,,,,,,,,,,,,,,,,,,,,,,,,,,,,,,,,,,,,
1678.5590520473945,279.35984754264933,1811.5719364925462,1095.9956676757638,1986.9773524587906,890.9816847830268,3.7222920715587207,113.2577586175075,0.16642837033460622,279.35984754264933,0.05490405117270789,890.9816847830268,0.16642837033460622,0.015536184422671795,0.015536184422671795,0.3235294117647059,0.37254901960784315,0.30392156862745096,,,,,1599.926509244846,1602.3658362513625,2795.7214485607674,2693.134653767834,1044.8405780679182,982.4524094479084,0.16791487248467485,0.19628779223617965,-592.0905151367188,113.98827362060547,13.81440544128418,38.075130462646484,-3.65421462059021,32.87736129760742,4.302929401397705,18.611675262451172,-4.490095615386963,15.02347469329834,0.004049194511026144,0.015536184422671795,-62.626625061035156,22.385623931884766,80.0,22.385623931884766,591.5939886671595,206.48568370081168,1876.4818920916484,672.9764646178038,3201.734417344174,495.9661712021602,ASD,data\asdbank_aac\AAC\14_T1_1.wav,14_T1_1,asdbank_aac,,,,,,,,,,,,,,,,,,,,,,,,,,,,,,,,,,,,,,,,,,,,,,,,,,,,,,,,,,,,,,,,,,,,,,,,,,,,,,,,,,,,,,,,,,,,,,,,,,,,,
1044.3866430418166,570.2886124362528,1244.5079348883235,65.40639132514966,1864.6550460723593,1799.2486547472097,1.561716386683307,158.86746352428924,0.5460512313478705,570.2886124362528,0.059168443496801705,1799.2486547472097,0.5460512313478705,0.016203202307224274,0.016203202307224274,0.33636363636363636,0.33636363636363636,0.32727272727272727,,,,,1836.9694329103972,1562.6047427596366,3080.8110674307036,2554.110571506202,1137.5689916056322,912.6126502082348,0.19309154909048507,0.1860219330455087,-581.0184936523438,112.67042541503906,13.322882652282715,37.13737106323242,-11.302945137023926,38.70512008666992,5.912679195404053,15.533838272094727,-6.584490776062012,14.609457969665527,0.00394557835534215,0.016203202307224274,-62.424964904785156,20.694242477416992,80.0,20.694242477416992,621.6355810616931,218.11123243324045,2002.2463619594182,609.2619345187284,2959.8196351711417,423.9851525670603,ASD,data\asdbank_aac\AAC\14_T1_2.wav,14_T1_2,asdbank_aac,,,,,,,,,,,,,,,,,,,,,,,,,,,,,,,,,,,,,,,,,,,,,,,,,,,,,,,,,,,,,,,,,,,,,,,,,,,,,,,,,,,,,,,,,,,,,,,,,,,,,
245.01254963595656,124.11046768546272,190.41804342135148,65.40639132514966,427.4740541075866,362.06766278243697,-1.3426187394664455,58.63065520802004,0.5065473906127175,124.11046768546272,0.035181236673773986,362.06766278243697,0.5065473906127175,0.0023312990088015795,0.0023312990088015795,0.09230769230769231,0.15384615384615385,0.7538461538461538,,,,,775.3818533947732,1404.949458035198,1354.6025453091684,2371.6110380443442,532.6719748582689,872.1562548273872,0.07476299098813965,0.15815836789277382,-733.2420043945312,70.29656219482422,8.30473804473877,30.490612030029297,5.467233180999756,18.350522994995117,6.0721282958984375,18.773609161376953,-0.4772762060165405,10.116236686706543,0.0005577551783062518,0.0023312990088015795,-61.10025405883789,16.42742347717285,68.70818328857422,16.42742347717285,504.29069188651073,157.46788329641183,1934.6540567446493,524.8658540644442,3043.265306122449,469.82946574115925,ASD,data\asdbank_aac\AAC\14_T2.wav,14_T2,asdbank_aac,,,,,,,,,,,,,,,,,,,,,,,,,,,,,,,,,,,,,,,,,,,,,,,,,,,,,,,,,,,,,,,,,,,,,,,,,,,,,,,,,,,,,,,,,,,,,,,,,,,,,
466.9209690630384,130.8420266428784,447.69106452518196,68.89654412432702,916.3106942306295,847.4141501063025,0.003086059860175748,50.93663833744563,0.28022306838229316,130.8420266428784,0.4616204690831556,847.4141501063025,0.28022306838229316,0.015913045033812523,0.015913045033812523,0.2184971098265896,0.24739884393063583,0.5341040462427745,,,,,1624.7763071845857,1140.5263044884096,3069.6753398187634,2151.7615673347464,1356.2356834212228,775.5537637597556,0.18670511144056504,0.2116111849841372,-518.2528076171875,122.5234603881836,46.31547164916992,48.69786834716797,-6.1940178871154785,36.972373962402344,3.2895216941833496,21.556215286254883,-12.116994857788086,18.99030113220215,0.009392553009092808,0.015913045033812523,-44.06679916381836,27.235998153686523,80.0,27.235998153686523,535.5903731222744,172.65094634627468,1546.3928112965343,524.4532999611275,3066.803594351733,414.2468469406854,ASD,data\asdbank_aac\AAC\14_T3_1.wav,14_T3_1,asdbank_aac,,,,,,,,,,,,,,,,,,,,,,,,,,,,,,,,,,,,,,,,,,,,,,,,,,,,,,,,,,,,,,,,,,,,,,,,,,,,,,,,,,,,,,,,,,,,,,,,,,,,,
342.82600291334563,156.39891883871434,347.21682482900223,65.7852866955572,885.097788139711,819.3125014441539,0.6309002159112582,55.12114434724354,0.456204948019204,156.39891883871434,0.2340085287846482,819.3125014441539,0.456204948019204,0.021233832463622093,0.021233832463622093,0.24429223744292236,0.20319634703196346,0.5525114155251142,,,,,1386.3471656301024,1452.6358032269861,2422.6121068763327,2430.941935021517,1050.891198166675,875.4981342540369,0.13457041661114072,0.17232315845798712,-514.5655517578125,118.64744567871094,36.84745788574219,53.972496032714844,-0.40874379873275757,31.31863021850586,0.4746035933494568,24.2490291595459,-7.96922492980957,22.51952362060547,0.008087284862995148,0.021233832463622093,-54.674434661865234,26.306716918945312,80.0,26.306716918945312,570.3564727954971,198.92634102539338,1595.7668458040514,579.4613777330094,3198.015708970649,467.2665471758215,ASD,data\asdbank_aac\AAC\14_T3_2.wav,14_T3_2,asdbank_aac,,,,,,,,,,,,,,,,,,,,,,,,,,,,,,,,,,,,,,,,,,,,,,,,,,,,,,,,,,,,,,,,,,,,,,,,,,,,,,,,,,,,,,,,,,,,,,,,,,,,,
369.6364452706042,182.65029579096787,289.45576167313766,114.5388367788287,874.9315729594417,760.392736180613,1.5151695301601829,60.91323588976983,0.49413497540063417,182.65029579096787,0.17803837953091683,760.392736180613,0.49413497540063417,0.032327499240636826,0.032327499240636826,0.2132132132132132,0.21921921921921922,0.5675675675675675,,,,,1294.69300955158,1137.7537940612244,2385.9733142324094,2174.2732947291793,1071.4214663813175,824.2056256769173,0.14132020214219082,0.1489617379638791,-492.7366027832031,116.38262939453125,40.42317581176758,55.81883239746094,-3.4622082710266113,26.107620239257812,1.7332227230072021,21.183317184448242,-10.927016258239746,21.716350555419922,0.01428298931568861,0.032327499240636826,-53.787593841552734,27.045133590698242,80.0,27.045133590698242,576.8292682926831,186.97997487793702,1584.3297409718282,554.1906483947233,2999.7352996785785,433.8900333773038,ASD,data\asdbank_aac\AAC\15_T1_1.wav,15_T1_1,asdbank_aac,,,,,,,,,,,,,,,,,,,,,,,,,,,,,,,,,,,,,,,,,,,,,,,,,,,,,,,,,,,,,,,,,,,,,,,,,,,,,,,,,,,,,,,,,,,,,,,,,,,,,
465.8769443610767,199.14019463306587,499.62194879118596,151.1349012203898,1280.974800901125,1129.8398996807352,1.6101447659579708,62.47265768844982,0.427452349903632,199.14019463306587,0.25906183368869934,1129.8398996807352,0.427452349903632,0.03271349146962166,0.03271349146962166,0.2556701030927835,0.24329896907216494,0.5010309278350515,,,,,1213.1791187038102,1137.727677271426,2277.4686833688697,2196.1032504284926,1074.2174345090377,834.4792482066251,0.12804264808768656,0.1495684906011318,-474.74169921875,107.77220916748047,42.29383087158203,54.383914947509766,-0.6787827610969543,28.094524383544922,0.7631921768188477,24.030004501342773,-7.671430587768555,20.591638565063477,0.015980569645762444,0.03271349146962166,-50.664127349853516,28.737077713012695,80.0,28.737077713012695,516.8957871396896,181.05979232655886,1584.7450110864747,550.5569508962325,2980.044345898005,407.5713474222368,ASD,data\asdbank_aac\AAC\15_T1_2.wav,15_T1_2,asdbank_aac,,,,,,,,,,,,,,,,,,,,,,,,,,,,,,,,,,,,,,,,,,,,,,,,,,,,,,,,,,,,,,,,,,,,,,,,,,,,,,,,,,,,,,,,,,,,,,,,,,,,,
254.26547790967655,130.45118036350237,201.74088950502764,165.76853496220332,783.9908719634986,618.2223370012953,0.07039143981113344,59.88213552342336,0.5130510891055486,130.45118036350237,0.15724946695095948,618.2223370012953,0.5130510891055486,0.02684066817164421,0.02684066817164421,0.20068027210884354,0.1836734693877551,0.6156462585034014,,,,,738.9153679492655,1096.463808277808,1301.043610074627,1933.799268219349,646.5119397638132,773.7111219926586,0.0736695637326759,0.12581173147749047,-528.95068359375,140.48902893066406,49.64994812011719,71.71224212646484,2.4293699264526367,25.96422576904297,2.735452890396118,24.8165225982666,-8.905887603759766,20.735036849975586,0.014812340959906578,0.02684066817164421,-53.796165466308594,32.02596664428711,80.0,32.02596664428711,513.3875338753388,161.67709701576177,1622.89430894309,563.3632365486177,3098.18970189702,456.35354898731015,ASD,data\asdbank_aac\AAC\15_T2.wav,15_T2,asdbank_aac,,,,,,,,,,,,,,,,,,,,,,,,,,,,,,,,,,,,,,,,,,,,,,,,,,,,,,,,,,,,,,,,,,,,,,,,,,,,,,,,,,,,,,,,,,,,,,,,,,,,,
254.26547790967655,130.45118036350237,201.74088950502764,165.76853496220332,783.9908719634986,618.2223370012953,0.07039143981113344,59.88213552342336,0.5130510891055486,130.45118036350237,0.15724946695095948,618.2223370012953,0.5130510891055486,0.02684066817164421,0.02684066817164421,0.20068027210884354,0.1836734693877551,0.6156462585034014,,,,,738.9153679492655,1096.463808277808,1301.043610074627,1933.799268219349,646.5119397638132,773.7111219926586,0.0736695637326759,0.12581173147749047,-528.95068359375,140.48902893066406,49.64994812011719,71.71224212646484,2.4293699264526367,25.96422576904297,2.735452890396118,24.8165225982666,-8.905887603759766,20.735036849975586,0.014812340959906578,0.02684066817164421,-53.796165466308594,32.02596664428711,80.0,32.02596664428711,513.3875338753388,161.67709701576177,1622.89430894309,563.3632365486177,3098.18970189702,456.35354898731015,ASD,data\asdbank_aac\AAC\15_T3_1.wav,15_T3_1,asdbank_aac,,,,,,,,,,,,,,,,,,,,,,,,,,,,,,,,,,,,,,,,,,,,,,,,,,,,,,,,,,,,,,,,,,,,,,,,,,,,,,,,,,,,,,,,,,,,,,,,,,,,,
235.47643712040747,35.84897551298619,227.75828324510303,181.8190699939266,353.2860680198856,171.466998025959,0.4177337688865377,12.208467393805037,0.15224018144395202,35.84897551298619,0.14872068230277186,171.466998025959,0.15224018144395202,0.031930580735206604,0.031930580735206604,0.1618705035971223,0.1474820143884892,0.6906474820143885,,,,,937.6678382940494,1228.3492828348321,1683.2397721215352,2199.8557524556527,745.9372191786575,858.8281728354314,0.0919676172707889,0.15155198053985727,-499.2216796875,142.8540496826172,38.80784225463867,60.417015075683594,-7.632850170135498,31.28801727294922,-1.1534481048583984,25.623716354370117,-8.696776390075684,20.124738693237305,0.015356606803834438,0.031930580735206604,-57.627410888671875,29.815656661987305,80.0,29.815656661987305,596.8130081300815,211.65215021865617,1621.1598915989161,564.6646257860797,3066.2764227642283,390.50085849308834,ASD,data\asdbank_aac\AAC\15_T3_2.wav,15_T3_2,asdbank_aac,,,,,,,,,,,,,,,,,,,,,,,,,,,,,,,,,,,,,,,,,,,,,,,,,,,,,,,,,,,,,,,,,,,,,,,,,,,,,,,,,,,,,,,,,,,,,,,,,,,,,
445.08348531184845,245.7568117433199,403.4817790100553,65.40639132514966,1604.6315798624612,1539.2251885373116,-0.5225290998595495,74.59058069933776,0.5521589091788701,245.7568117433199,0.3747334754797441,1539.2251885373116,0.5521589091788701,0.029263624921441078,0.029263624921441078,0.27350427350427353,0.301994301994302,0.42450142450142453,,,,,1864.445996843933,802.8042278021193,3966.405417110874,1955.621638907338,1820.8238113760933,598.3502802847967,0.14823838744336354,0.07666389541186693,-481.0766296386719,91.185302734375,55.91381072998047,51.19038772583008,15.258938789367676,23.343286514282227,6.716576099395752,16.86667823791504,-4.939558982849121,21.3885440826416,0.01579470746219158,0.029263624921441078,-42.54373550415039,19.667192459106445,80.0,19.667192459106445,486.168371361133,164.28795601737173,1586.236559139785,531.8116136912903,3002.6960398636247,400.2745348902099,ASD,data\asdbank_aac\AAC\16_T1_2.wav,16_T1_2,asdbank_aac,,,,,,,,,,,,,,,,,,,,,,,,,,,,,,,,,,,,,,,,,,,,,,,,,,,,,,,,,,,,,,,,,,,,,,,,,,,,,,,,,,,,,,,,,,,,,,,,,,,,,
447.0686385374426,296.65936344601727,383.04224785029453,65.40639132514966,2080.94970340778,2015.5433120826303,-0.7348776571570146,133.3229453769014,0.6635655867441743,296.65936344601727,0.1849680170575693,2015.5433120826303,0.6635655867441743,0.02542770840227604,0.02542770840227604,0.2514450867052023,0.25722543352601157,0.4913294797687861,,,,,1092.0545964887235,1191.3193232896322,2172.0832222814497,2371.559845389257,964.1141021627351,956.0692281443438,0.12121998475812899,0.16251657066332256,-504.5157165527344,87.14788818359375,21.725587844848633,42.61984634399414,0.8753995895385742,17.10858154296875,3.501732110977173,12.506043434143066,-6.8261332511901855,17.533443450927734,0.008903468027710915,0.02542770840227604,-62.79361343383789,24.20425033569336,80.0,24.20425033569336,492.019512195122,141.61894763613284,1601.7170731707315,580.4306611758856,3055.1414634146345,445.63641993730613,ASD,data\asdbank_aac\AAC\16_T2.wav,16_T2,asdbank_aac,,,,,,,,,,,,,,,,,,,,,,,,,,,,,,,,,,,,,,,,,,,,,,,,,,,,,,,,,,,,,,,,,,,,,,,,,,,,,,,,,,,,,,,,,,,,,,,,,,,,,
471.59780014554923,258.117754583222,425.01198472693204,65.40639132514966,1497.1742032735058,1431.7678119483562,-0.1347088222769416,80.11952452105169,0.5473260360916847,258.117754583222,0.4013859275053305,1431.7678119483562,0.5473260360916847,0.029027307406067848,0.029027307406067848,0.23404255319148937,0.2912234042553192,0.4747340425531915,,,,,1852.0681880702298,1064.4392552149002,3512.2642923773988,2104.0797687244067,1609.715655278512,659.4615928025984,0.18132230518723347,0.1256345459429629,-470.01885986328125,115.75718688964844,58.00905227661133,60.555328369140625,2.5582923889160156,25.579116821289062,0.01757213845849037,18.81329917907715,-8.783227920532227,16.433448791503906,0.016626542434096336,0.029027307406067848,-41.20528030395508,23.67751121520996,80.0,23.67751121520996,494.9369217830109,157.94389638835744,1482.1194280908328,510.6064503488463,3054.0398093636113,401.0910569706051,ASD,data\asdbank_aac\AAC\16_T3_1.wav,16_T3_1,asdbank_aac,,,,,,,,,,,,,,,,,,,,,,,,,,,,,,,,,,,,,,,,,,,,,,,,,,,,,,,,,,,,,,,,,,,,,,,,,,,,,,,,,,,,,,,,,,,,,,,,,,,,,
387.2346344244557,139.11335381389998,383.04224785029453,66.54967490706109,885.097788139711,818.5481132326499,0.4094033508750277,52.71988663425957,0.3592482217420021,139.11335381389998,0.36513859275053306,818.5481132326499,0.3592482217420021,0.031904373317956924,0.031904373317956924,0.2807017543859649,0.2543859649122807,0.4649122807017544,,,,,1838.4661321898761,1076.2808971400648,3559.2933768656717,2188.7317933296686,1645.6753326325652,687.7894022624116,0.1810747809501599,0.13516068744972048,-478.9770202636719,119.31134033203125,58.690860748291016,63.53485870361328,5.554013252258301,22.690214157104492,-0.42395931482315063,19.787395477294922,-6.53223991394043,17.429128646850586,0.01888750120997429,0.031904373317956924,-43.35042190551758,25.688913345336914,80.0,25.688913345336914,487.53880266075396,142.1213180141373,1452.8603104212862,470.7607390942861,3047.716186252772,420.81989850112683,ASD,data\asdbank_aac\AAC\16_T3_2.wav,16_T3_2,asdbank_aac,,,,,,,,,,,,,,,,,,,,,,,,,,,,,,,,,,,,,,,,,,,,,,,,,,,,,,,,,,,,,,,,,,,,,,,,,,,,,,,,,,,,,,,,,,,,,,,,,,,,,
315.3136434565004,124.05508831768161,291.9733833144849,65.40639132514966,895.3821290503639,829.9757377252142,-0.28447341346791766,45.05250860686291,0.39343393757966527,124.05508831768161,0.48187633262260127,829.9757377252142,0.39343393757966527,0.036573462188243866,0.036573462188243866,0.2425249169435216,0.2203765227021041,0.5370985603543743,,,,,1491.141383542043,991.5132786327612,2794.3180303837953,1954.61869058454,1284.5257012503657,693.2652882457554,0.1618207268623401,0.15700589953469216,-424.4163513183594,126.82342529296875,65.3986587524414,65.66871643066406,-7.14736270904541,34.81100082397461,1.8320263624191284,27.254070281982422,-15.368107795715332,23.136320114135742,0.02560971863567829,0.036573462188243866,-40.771663665771484,27.531204223632812,80.0,27.531204223632812,547.674003569304,162.86487205298172,1560.6917960088692,555.274712010254,3109.387269482451,432.08465520486624,ASD,data\asdbank_aac\AAC\17_T1_1.wav,17_T1_1,asdbank_aac,,,,,,,,,,,,,,,,,,,,,,,,,,,,,,,,,,,,,,,,,,,,,,,,,,,,,,,,,,,,,,,,,,,,,,,,,,,,,,,,,,,,,,,,,,,,,,,,,,,,,
367.6299077518323,102.38840212398871,363.6381399878532,184.9972113558172,727.2762799757064,542.2790686198892,-0.10184571022518234,33.799655791799424,0.27850944649776904,102.38840212398871,0.5815565031982942,542.2790686198892,0.27850944649776904,0.031082600355148315,0.031082600355148315,0.26972477064220185,0.22752293577981653,0.5027522935779817,,,,,1384.0128737059317,975.2387011398737,2696.2661580490403,1982.0204375658525,1236.501044935655,711.8619990362789,0.1421679271055437,0.15050469415258172,-454.6580505371094,130.4475860595703,64.46549987792969,56.390010833740234,-4.690224647521973,40.813018798828125,15.149422645568848,28.386878967285156,-24.863285064697266,28.294708251953125,0.0233747698366642,0.031082600355148315,-39.68180847167969,28.437646865844727,80.0,28.437646865844727,518.0306014240268,173.0655290727847,1676.9337979094082,609.1662323155731,3220.6514164520536,374.47899624055793,ASD,data\asdbank_aac\AAC\17_T2.wav,17_T2,asdbank_aac,,,,,,,,,,,,,,,,,,,,,,,,,,,,,,,,,,,,,,,,,,,,,,,,,,,,,,,,,,,,,,,,,,,,,,,,,,,,,,,,,,,,,,,,,,,,,,,,,,,,,
455.3561410732073,128.53069010406006,432.44106335991046,204.08500572708806,845.1281916448838,641.0431859177958,0.28020184898091627,32.34080880829999,0.28226409728686686,128.53069010406006,0.2995735607675906,641.0431859177958,0.28226409728686686,0.026023754850029945,0.026023754850029945,0.26024955436720143,0.2887700534759358,0.45098039215686275,,,,,988.0607238240825,1144.5993806836839,1926.1060767590618,2261.0400287796297,837.3522457341469,896.6878271028168,0.1034651310967484,0.1531153201873861,-505.536376953125,99.55563354492188,25.451684951782227,43.43161392211914,-4.813577651977539,28.685440063476562,4.384608745574951,19.639392852783203,-11.164584159851074,23.252323150634766,0.01116169709712267,0.026023754850029945,-60.445701599121094,27.50586700439453,80.0,27.50586700439453,575.7907970832287,191.45379467896188,1517.68669851647,570.0751260397664,3184.5511692230334,409.2958292488093,ASD,data\asdbank_aac\AAC\17_T3_1.wav,17_T3_1,asdbank_aac,,,,,,,,,,,,,,,,,,,,,,,,,,,,,,,,,,,,,,,,,,,,,,,,,,,,,,,,,,,,,,,,,,,,,,,,,,,,,,,,,,,,,,,,,,,,,,,,,,,,,
452.45460726635673,127.0173770264552,422.5640958224419,234.43211035826653,1028.5239787338962,794.0918683756297,0.3697859856198247,52.04344491854764,0.2807295472000377,127.0173770264552,0.4189765458422175,794.0918683756297,0.2807295472000377,0.03137902542948723,0.03137902542948723,0.34394904458598724,0.2229299363057325,0.43312101910828027,,,,,1347.0424612967997,1036.9406737310874,2703.008395522388,2145.284484760941,1241.0220223648394,818.9622815499133,0.13922418460154584,0.1551645130138175,-501.723388671875,122.5755615234375,48.02295684814453,56.43054962158203,-1.847872257232666,32.28571701049805,10.598618507385254,27.1148738861084,-15.157539367675781,25.76007652282715,0.017420388758182526,0.03137902542948723,-48.04949188232422,29.240564346313477,80.0,29.240564346313477,482.67595818815334,155.72994043417208,1703.319119904486,687.6313416626703,3145.2559257986945,388.71399004837076,ASD,data\asdbank_aac\AAC\17_T3_2.wav,17_T3_2,asdbank_aac,,,,,,,,,,,,,,,,,,,,,,,,,,,,,,,,,,,,,,,,,,,,,,,,,,,,,,,,,,,,,,,,,,,,,,,,,,,,,,,,,,,,,,,,,,,,,,,,,,,,,
365.45596959397085,91.65324224718455,351.2512899969259,235.7901617579845,982.0774855145963,746.2873237566118,-0.0008224364598328243,34.40255587363729,0.25079147660117085,91.65324224718455,0.7667288723007198,746.2873237566118,0.25079147660117085,0.052737023681402206,0.052737023681402206,0.1954782608695652,0.19130434782608696,0.6132173913043478,0.025244898294463337,0.19841736555099487,1.642349589639202,0.6414813152097922,1642.349589639202,641.4813152097922,3059.146727539323,1282.9094515362913,1429.3630794062915,384.8528732796786,0.11969412323380432,0.06209284128387699,-285.5746154785156,92.59780883789062,82.37891387939453,35.32706069946289,-12.692630767822266,36.051212310791016,2.5173230171203613,32.70191192626953,-40.612239837646484,30.229164123535156,0.0561106875538826,0.052737023681402206,-22.535282135009766,12.665276527404785,68.9633560180664,12.665276527404785,605.5007784120395,170.43145671241209,1740.238713025428,646.772627412656,3091.520498183706,411.6342474969372,TD,data\td\F1_05_09.wav|data\td\M12_06_06.wav|data\td\F3_01_09.wav|data\td\F15_09_02.wav|data\td\M24_08_06.wav|data\td\F22_05_10.wav|data\td\F9_09_10.wav|data\td\M3_03_08.wav|data\td\F24_02_09.wav|data\td\M25_10_04.wav|data\td\M11_01_05.wav|data\td\F17_06_07.wav|data\td\M25_04_01.wav|data\td\F15_06_01.wav|data\td\M22_08_03.wav|data\td\F7_03_10.wav|data\td\F5_08_02.wav|data\td\F18_04_07.wav|data\td\M19_09_03.wav|data\td\F18_08_05.wav,merged_td_55,td,-9.159221649169922,20.403581619262695,-20.10212516784668,18.05036163330078,-7.173341274261475,16.163007736206055,-11.033012390136719,13.736087799072266,-5.45737886428833,12.429363250732422,-5.744537830352783,11.794570922851562,-5.692554473876953,10.52294921875,-6.161553382873535,12.37067699432373,0.33553701639175415,0.3403380215167999,0.32731062173843384,0.3415881395339966,0.2649347484111786,0.3045225441455841,0.2435527890920639,0.30276355147361755,0.2515864670276642,0.30924367904663086,0.2603258490562439,0.3136530816555023,0.2580392062664032,0.3070524334907532,0.2630959451198578,0.3193245530128479,0.24851813912391663,0.29908350110054016,0.26588958501815796,0.31930720806121826,0.3082127571105957,0.33831122517585754,0.3271466791629791,0.3399796485900879,-0.009260745373998689,3.661746978119958e-05,-0.0024968743709231486,47.8026912116182,5.213809776615331e-06,,,,,,,,,,,,,,,,,,,,,,,,,,,,,,,,,,,,,,,,,4000.0,200.0,100.0,200.0,5.0,,,,,,,,,,,
409.17917951377893,134.5272458167138,363.6381399878532,246.94165062806206,1058.6620317522627,811.7203811242007,0.02906661673429612,49.412361693764396,0.3287734385130992,134.5272458167138,0.7440682484670754,811.7203811242007,0.3287734385130992,0.04379626363515854,0.04379626363515854,0.24301075268817204,0.2078853046594982,0.5491039426523298,0.032231113365023746,0.19750194251537323,1.5647924693510609,0.6023476706837628,1564.7924693510608,602.3476706837628,2882.4417655291923,1246.6124940190857,1352.2710018929338,391.4115785303091,0.11759637534157558,0.055614617269635416,-295.3575134277344,94.25836944580078,93.81814575195312,35.88425827026367,-25.54644012451172,38.81862258911133,0.7203061580657959,30.63109588623047,-43.28927993774414,33.424686431884766,0.05203167349100113,0.04379626363515854,-18.8510684967041,12.062585830688477,56.27190017700195,12.062585830688477,622.023871302543,179.2852680742248,1652.5168655941882,618.8860049433737,3067.939802802284,402.6261042686158,TD,data\td\M23_07_09.wav|data\td\F22_07_08.wav|data\td\M11_01_10.wav|data\td\F8_08_10.wav|data\td\M10_01_08.wav|data\td\F3_10_01.wav|data\td\M2_01_06.wav|data\td\F22_08_10.wav|data\td\F7_09_06.wav|data\td\F2_04_01.wav|data\td\F3_08_03.wav|data\td\F24_03_10.wav|data\td\M24_02_01.wav|data\td\F3_01_05.wav|data\td\F9_01_10.wav|data\td\F2_02_05.wav|data\td\F20_02_04.wav|data\td\M18_07_05.wav|data\td\F19_10_01.wav|data\td\F3_08_10.wav,merged_td_56,td,-10.34639835357666,20.35332679748535,-18.035869598388672,16.320735931396484,-7.107353687286377,16.60752296447754,-10.655008316040039,14.143719673156738,-5.815475940704346,14.562918663024902,-6.428397178649902,12.43948745727539,-3.982149839401245,11.039872169494629,-7.686640739440918,10.647228240966797,0.35121023654937744,0.346920907497406,0.32100099325180054,0.3335636854171753,0.2848658561706543,0.315481573343277,0.26395711302757263,0.3090220093727112,0.2689407467842102,0.3212677240371704,0.27209043502807617,0.32159677147865295,0.2743731141090393,0.3184399902820587,0.2562960684299469,0.30910524725914,0.2315310388803482,0.2899448871612549,0.25045913457870483,0.30832257866859436,0.28413817286491394,0.3226955235004425,0.33772510290145874,0.3428758978843689,0.0013686153257645233,-5.207717235454991e-05,-0.0024753860986450682,69.38172618353161,-7.25753728157466e-07,,,,,,,,,,,,,,,,,,,,,,,,,,,,,,,,,,,,,,,,,4000.0,200.0,100.0,200.0,5.0,,,,,,,,,,,
348.0173945881014,110.87520984047278,331.5370699244067,208.85526660911424,1875.4568828661324,1666.6016162570181,9.605173852789458e-18,50.62087146589234,0.3185910002334796,110.87520984047278,0.7891229005598507,1666.6016162570181,0.3185910002334796,0.053901515901088715,0.053901515901088715,0.1970260223048327,0.16931395741804664,0.6336600202771207,0.023841237576713557,0.20378945767879486,1.562301674506304,0.6508164618038221,1562.3016745063042,650.8164618038221,2904.4796387629967,1347.4218454664901,1395.0295023083736,407.68625556914446,0.11214795846107704,0.0549306662169323,-278.50927734375,98.77373504638672,89.11981201171875,38.935909271240234,-11.254980087280273,36.454715728759766,2.3169431686401367,33.21234130859375,-39.06161117553711,29.54636001586914,0.06420883536338806,0.053901515901088715,-21.782697677612305,12.960853576660156,64.36548614501953,12.960853576660156,601.4737934613389,154.5069284732474,1743.892060197198,640.282503509186,3097.0420342501297,372.7791414104516,TD,data\td\M19_03_05.wav|data\td\F17_10_01.wav|data\td\F16_01_09.wav|data\td\M11_01_02.wav|data\td\M23_10_10.wav|data\td\F22_02_05.wav|data\td\F18_02_01.wav|data\td\F3_09_05.wav|data\td\M14_02_06.wav|data\td\M19_01_01.wav|data\td\F23_01_10.wav|data\td\M24_07_03.wav|data\td\M14_03_01.wav|data\td\F13_08_10.wav|data\td\M25_08_06.wav|data\td\M23_06_03.wav|data\td\F7_02_10.wav|data\td\M24_06_02.wav|data\td\M14_01_10.wav|data\td\F13_09_07.wav,merged_td_57,td,-9.783334732055664,19.468664169311523,-21.3991641998291,17.910049438476562,-10.6480073928833,16.640949249267578,-9.37622356414795,15.313840866088867,-2.3585336208343506,12.629862785339355,-6.761699199676514,12.093217849731445,-6.184880256652832,9.977293968200684,-5.155398368835449,11.211292266845703,0.2950126826763153,0.31860464811325073,0.3336530923843384,0.3456041216850281,0.28502628207206726,0.31568634510040283,0.2464536428451538,0.2936893105506897,0.25815141201019287,0.31219586730003357,0.290876567363739,0.32696333527565,0.28177765011787415,0.31016793847084045,0.2811392843723297,0.32307755947113037,0.27610254287719727,0.31657907366752625,0.30539941787719727,0.33535778522491455,0.3216848373413086,0.34211620688438416,0.2950323820114136,0.3276680111885071,-0.011029299274872943,-9.435668738941219e-07,-0.0013404852843639016,71.4257206395801,-2.9814948498597008e-06,,,,,,,,,,,,,,,,,,,,,,,,,,,,,,,,,,,,,,,,,4000.0,200.0,100.0,200.0,5.0,,,,,,,,,,,
381.07146551425694,169.23652644336275,343.22869944588433,89.3477635991859,1437.8455988521675,1348.4978352529815,0.0358505311514426,49.331620800592326,0.44410705539176915,169.23652644336275,0.8016528925619835,1348.4978352529815,0.44410705539176915,0.0549885556101799,0.0549885556101799,0.21956087824351297,0.19560878243512975,0.5848303393213573,0.030482048778954038,0.19038987159729004,1.452223070499065,0.6325998614547985,1452.223070499065,632.5998614547985,2781.139612769928,1307.9912750501394,1347.5484640669358,416.1818878595871,0.10251328812316715,0.055758230573988564,-283.4622497558594,89.50297546386719,91.64093780517578,35.36902618408203,-6.0460052490234375,37.586891174316406,8.108363151550293,33.31956100463867,-37.845882415771484,29.922426223754883,0.06188410893082619,0.0549885556101799,-22.05558967590332,12.457262992858887,64.19058227539062,12.457262992858887,566.2688116242865,155.8965681452966,1771.6242864556307,663.0970829423849,3072.7970939283864,410.3409744887435,TD,data\td\F16_06_07.wav|data\td\M14_07_09.wav|data\td\M17_09_02.wav|data\td\F18_03_01.wav|data\td\F20_02_02.wav|data\td\M10_02.wav|data\td\M20_06_10.wav|data\td\M20_04_09.wav|data\td\F1_07_03.wav|data\td\M2_09_05.wav|data\td\M2_05_07.wav|data\td\F12_07_04.wav|data\td\F25_04_06.wav|data\td\F19_02_02.wav|data\td\F12_05_10.wav|data\td\F12_03_05.wav|data\td\F6_05_09.wav|data\td\F16_04_02.wav|data\td\F7_04_07.wav|data\td\F14_02_08.wav,merged_td_58,td,-17.762859344482422,19.195661544799805,-16.663999557495117,16.250484466552734,-13.30104923248291,17.87485122680664,-8.487421989440918,12.929059982299805,-8.236753463745117,12.199235916137695,-4.5420308113098145,10.807891845703125,-4.318922996520996,10.224677085876465,-6.577032566070557,11.18037223815918,0.32599470019340515,0.33593812584877014,0.33682796359062195,0.3469116985797882,0.2906549274921417,0.31940922141075134,0.2716737389564514,0.32529139518737793,0.2798503637313843,0.3332618176937103,0.2628485858440399,0.3229573667049408,0.21566765010356903,0.29595115780830383,0.1871263086795807,0.2731655538082123,0.19940759241580963,0.27851149439811707,0.2503119707107544,0.3118274211883545,0.3151674270629883,0.33912429213523865,0.3429718315601349,0.3498375117778778,0.0214303354577464,-3.8903858335036954e-05,-0.02878449977289541,68.64828326920546,-4.959231753576868e-06,,,,,,,,,,,,,,,,,,,,,,,,,,,,,,,,,,,,,,,,,4000.0,200.0,100.0,200.0,5.0,,,,,,,,,,,
370.5102594182705,106.69896748083835,351.2512899969259,136.9994584594705,1115.1533344926147,978.1538760331442,0.043760420115467,39.566199953975946,0.2879784426168493,106.69896748083835,0.7608637696614237,978.1538760331442,0.2879784426168493,0.05104099586606026,0.05104099586606026,0.21871713985278654,0.19593410445145462,0.5853487556957588,0.02742001339369915,0.21079178154468536,1.4953755008899452,0.6847845047165402,1495.3755008899452,684.7845047165401,2755.7130598507065,1335.0659331841443,1347.1364237268608,411.2031459657234,0.11149761105371901,0.06189021284341225,-295.9637756347656,93.98497772216797,95.73930358886719,38.437042236328125,-11.080192565917969,35.11800003051758,-2.9365127086639404,28.7949161529541,-40.47818374633789,31.564393997192383,0.056761547923088074,0.05104099586606026,-21.891429901123047,13.265636444091797,72.06224822998047,13.265636444091797,600.5189413596264,170.43768601696374,1657.1250648676703,625.0937528856313,3064.784639335755,420.73557921307224,TD,data\td\M23_06_10.wav|data\td\F1_05_01.wav|data\td\M1_07_07.wav|data\td\F3_05_06.wav|data\td\F15_05_08.wav|data\td\M16_04_03.wav|data\td\F24_07_09.wav|data\td\F20_06_04.wav|data\td\M24_04_02.wav|data\td\F23_06_01.wav|data\td\M12_08_08.wav|data\td\F16_08_06.wav|data\td\F23_01_09.wav|data\td\F23_02_08.wav|data\td\M15_05_08.wav|data\td\F13_03_06.wav|data\td\F5_04_10.wav|data\td\M20_01_08.wav|data\td\F1_08_09.wav|data\td\M19_04_07.wav,merged_td_59,td,-10.724546432495117,19.643102645874023,-18.858829498291016,16.721111297607422,-8.374855041503906,16.767227172851562,-7.131876468658447,13.536199569702148,-4.238267421722412,12.356133460998535,-5.458377361297607,11.383503913879395,-5.7437310218811035,10.29323959350586,-7.0790300369262695,11.673604011535645,0.29506364464759827,0.32156163454055786,0.30678096413612366,0.3361935019493103,0.2842092514038086,0.3180105984210968,0.30745384097099304,0.33233609795570374,0.326107382774353,0.3491290509700775,0.2793785035610199,0.32187753915786743,0.2376566082239151,0.2953070104122162,0.25458306074142456,0.311874657869339,0.2875758409500122,0.3207160234451294,0.30617251992225647,0.33549851179122925,0.2897055149078369,0.3195618689060211,0.28963911533355713,0.32077398896217346,-0.003992166708655761,2.233342701091432e-05,-0.0016793186199901978,54.396407713741986,-7.374499643243005e-07,,,,,,,,,,,,,,,,,,,,,,,,,,,,,,,,,,,,,,,,,4000.0,200.0,100.0,200.0,5.0,,,,,,,,,,,
404.9614450440102,118.82361893063567,374.29355081837645,225.1422562392905,1141.2188080928886,916.0765518535981,0.0404312703543202,40.99804153419874,0.29341958446864547,118.82361893063567,0.73287123433751,916.0765518535981,0.29341958446864547,0.056074369698762894,0.056074369698762894,0.225254730713246,0.20378457059679767,0.5709606986899564,0.025907395653556264,0.19376035034656525,1.6016509742288714,0.6473121456434572,1601.6509742288713,647.3121456434571,2937.3729505465208,1227.7074338460113,1381.2091381849582,358.70856385782605,0.12030320560350573,0.06240950378515539,-279.2271728515625,97.10678100585938,80.37026977539062,34.12248229980469,-13.782468795776367,34.32836151123047,-0.025774376466870308,29.082727432250977,-37.572330474853516,31.070348739624023,0.05880964174866676,0.056074369698762894,-23.203706741333008,13.184569358825684,60.3869743347168,13.184569358825684,602.0134924753503,181.72296800549327,1685.1478982874937,607.5040075814463,3109.0814737934616,427.34705405309626,TD,data\td\F17_06_02.wav|data\td\F6_04_09.wav|data\td\M24_05_01.wav|data\td\M15_04_05.wav|data\td\M17_02_10.wav|data\td\M23_05_09.wav|data\td\F24_08_09.wav|data\td\F4_10_05.wav|data\td\F13_05_05.wav|data\td\F5_05_01.wav|data\td\F1_09_05.wav|data\td\F9_01_03.wav|data\td\F12_10_10.wav|data\td\F7_09_08.wav|data\td\F7_01_01.wav|data\td\F15_02_03.wav|data\td\F13_01_05.wav|data\td\M21_02_05.wav|data\td\F5_03_02.wav|data\td\M12_09_07.wav,merged_td_60,td,-10.17822551727295,19.87936782836914,-17.701318740844727,16.675079345703125,-5.658513069152832,15.961225509643555,-7.46548318862915,13.784353256225586,-6.101719856262207,12.605432510375977,-5.8176798820495605,10.458138465881348,-4.7532572746276855,9.946207046508789,-7.741082191467285,10.654953002929688,0.3050607740879059,0.33326834440231323,0.2854391038417816,0.3181438446044922,0.2745944857597351,0.311957448720932,0.28909119963645935,0.32587066292762756,0.31320372223854065,0.3391524851322174,0.3000339865684509,0.32381671667099,0.2967495918273926,0.3319256603717804,0.28990569710731506,0.32547590136528015,0.2751074731349945,0.3084457814693451,0.3029763102531433,0.3310140371322632,0.31477460265159607,0.33412331342697144,0.305729478597641,0.33246713876724243,0.06260967090537979,-1.105580481823675e-05,-0.006529394859215189,56.25945198742677,-5.3176557073555364e-06,,,,,,,,,,,,,,,,,,,,,,,,,,,,,,,,,,,,,,,,,4000.0,200.0,100.0,200.0,5.0,,,,,,,,,,,
393.2280186380775,159.02434896510366,347.21682482900223,65.40639132514966,1523.344347370812,1457.9379560456625,0.07635846876494805,51.23281886476827,0.40440747207148486,159.02434896510366,0.7763263129832044,1457.9379560456625,0.40440747207148486,0.053622789680957794,0.053622789680957794,0.21779457231192031,0.19271727928546892,0.5894881484026108,0.03118554557432652,0.200062096118927,1.5131883229496872,0.6309731814025943,1513.1883229496873,630.9731814025943,2864.6298487070117,1323.0213192502952,1390.0416763330072,410.86206954856124,0.11151075858937616,0.0570334900962701,-299.3873291015625,100.52091979980469,88.97244262695312,35.881587982177734,-8.391817092895508,35.8073844909668,0.26929882168769836,31.881256103515625,-37.03683853149414,29.581966400146484,0.05523180589079857,0.053622789680957794,-21.73481559753418,13.285078048706055,70.99882507324219,13.285078048706055,577.2703684483654,153.3180025591805,1641.224701608718,608.8430392493374,3117.384535547483,432.9375243045588,TD,data\td\M23_03_01.wav|data\td\F23_06_03.wav|data\td\M3_06_03.wav|data\td\F11_07_09.wav|data\td\M3_05_09.wav|data\td\F19_02_08.wav|data\td\M13_02_06.wav|data\td\M1_03_05.wav|data\td\F21_02_05.wav|data\td\F18_07_07.wav|data\td\F2_06_02.wav|data\td\M2_08_04.wav|data\td\M23_04_06.wav|data\td\M18_01_01.wav|data\td\F24_04_06.wav|data\td\F20_06_05.wav|data\td\M10_05_08.wav|data\td\F25_06_07.wav|data\td\M17_04_03.wav|data\td\M25_03_07.wav,merged_td_61,td,-10.88546085357666,19.381977081298828,-20.71221923828125,16.820899963378906,-12.171477317810059,16.21599769592285,-10.296430587768555,13.028255462646484,-7.053565502166748,12.404138565063477,-4.382346153259277,10.776074409484863,-3.709326982498169,10.273503303527832,-6.3319902420043945,12.543604850769043,0.3294751048088074,0.34282538294792175,0.30884456634521484,0.3444933295249939,0.26320579648017883,0.30683308839797974,0.2932823896408081,0.3415592908859253,0.2744247317314148,0.32523760199546814,0.22540423274040222,0.2989906370639801,0.18091781437397003,0.2595948278903961,0.19305960834026337,0.2643619179725647,0.2719229757785797,0.31089985370635986,0.3376528024673462,0.352450966835022,0.32796475291252136,0.33806177973747253,0.3235192596912384,0.33809974789619446,-0.002940570180849145,-3.067806012940848e-05,-0.0013921757728854742,71.76087210324717,5.564134932948851e-06,,,,,,,,,,,,,,,,,,,,,,,,,,,,,,,,,,,,,,,,,4000.0,200.0,100.0,200.0,5.0,,,,,,,,,,,
352.99563155055023,135.92815704885874,331.5370699244067,108.1102658399776,2068.9643150591514,1960.854049219174,-0.01619081459105668,51.70637590809345,0.3850703660319755,135.92815704885874,0.7645961077046121,1960.854049219174,0.3850703660319755,0.04582976549863815,0.04582976549863815,0.19776770143006628,0.19288454830833623,0.6093477502615975,0.026459917143480335,0.2113770693540573,1.6084204290678212,0.7063178213258,1608.4204290678213,706.3178213258,3016.4435317248735,1392.1021209286935,1422.7194458622043,433.10287535061394,0.11741725643994935,0.0680913028340636,-288.9200744628906,93.31961059570312,90.18391418457031,35.60286331176758,-14.82270622253418,40.76679611206055,5.720207214355469,32.887176513671875,-41.656349182128906,31.0501651763916,0.05638293921947479,0.04582976549863815,-18.664430618286133,12.4135103225708,70.24079895019531,12.4135103225708,583.6637259989621,170.00339496953438,1715.7446808510642,619.1619594562433,3060.923715620135,410.4335620124543,TD,data\td\M13_09_09.wav|data\td\F17_09_10.wav|data\td\M22_07_03.wav|data\td\F3_01_01.wav|data\td\M13_08_08.wav|data\td\M10_10_10.wav|data\td\F8_03_07.wav|data\td\F17_01_09.wav|data\td\M25_04_07.wav|data\td\M22_07_01.wav|data\td\F16_10_06.wav|data\td\M18_04_03.wav|data\td\F7_06_01.wav|data\td\F18_04_05.wav|data\td\M1_09_03.wav|data\td\M15_08_09.wav|data\td\F23_07_03.wav|data\td\F24_08_03.wav|data\td\M25_04_04.wav|data\td\M2_05_09.wav,merged_td_62,td,-12.542084693908691,20.599294662475586,-21.20794105529785,17.942419052124023,-8.653582572937012,16.806238174438477,-11.213333129882812,14.09517765045166,-5.084124565124512,12.407268524169922,-5.343718528747559,11.407272338867188,-5.923190116882324,10.43722915649414,-6.5262041091918945,11.52479076385498,0.27325648069381714,0.3127264380455017,0.29796579480171204,0.3295396566390991,0.29780250787734985,0.33639639616012573,0.27124151587486267,0.313930869102478,0.27370473742485046,0.31804606318473816,0.26636776328086853,0.3179892897605896,0.2546151578426361,0.3151010274887085,0.25251534581184387,0.3112139105796814,0.2623802125453949,0.30973297357559204,0.32927072048187256,0.34877365827560425,0.3382587432861328,0.34548434615135193,0.2983383536338806,0.32563069462776184,-0.03326676210695414,7.2547105337052085e-06,-0.0035295290709869277,72.7769819737976,-3.828172290355641e-06,,,,,,,,,,,,,,,,,,,,,,,,,,,,,,,,,,,,,,,,,4000.0,200.0,100.0,200.0,5.0,,,,,,,,,,,
334.88264627838646,54.591301551145534,325.8414615030442,65.40639132514966,835.4210664364568,770.0146751113072,0.07283510748585964,17.965496066607287,0.16301621525578852,54.591301551145534,0.7971207677952546,770.0146751113072,0.16301621525578852,0.041988275945186615,0.041988275945186615,0.16594178655068584,0.1518902643024423,0.6821679491468718,0.01996517865638313,0.20334623754024506,1.5361632049007514,0.6950474750585026,1536.1632049007515,695.0474750585026,2843.141828845641,1228.5249913821565,1356.4107704997584,366.2688094327363,0.11128048145494535,0.07111637252846655,-311.67926025390625,89.57633972167969,86.56532287597656,35.84730911254883,-6.514327526092529,33.321895599365234,14.092232704162598,37.649295806884766,-37.34305191040039,29.570831298828125,0.04871401935815811,0.041988275945186615,-20.582012176513672,13.2688627243042,68.6322021484375,13.2688627243042,558.3809029579659,148.20160486569287,1811.9356512714064,652.612201537478,2942.3144784639335,351.0810784680075,TD,data\td\M17_07_03.wav|data\td\F20_10_02.wav|data\td\F25_03_02.wav|data\td\F7_01_10.wav|data\td\M17_10_01.wav|data\td\M13_02_02.wav|data\td\M12_07_10.wav|data\td\M23_09_02.wav|data\td\F17_02_09.wav|data\td\M24_03_04.wav|data\td\M18_05_02.wav|data\td\M21_04_09.wav|data\td\M25_06_03.wav|data\td\M23_02_06.wav|data\td\M21_06_06.wav|data\td\M15_05_04.wav|data\td\F18_09_01.wav|data\td\M22_01_07.wav|data\td\M20_05_04.wav|data\td\F9_10_08.wav,merged_td_63,td,-16.9886474609375,20.786012649536133,-15.731377601623535,16.326541900634766,-12.697669982910156,15.612133026123047,-14.47511100769043,14.113280296325684,-1.9841688871383667,12.046143531799316,-4.74564790725708,11.562973976135254,-9.090094566345215,11.205747604370117,-3.892601490020752,10.902863502502441,0.30647748708724976,0.33973443508148193,0.26270145177841187,0.3205406963825226,0.20533524453639984,0.2697989046573639,0.25391656160354614,0.3031578063964844,0.29742369055747986,0.322907030582428,0.2696570158004761,0.3129466474056244,0.2412431240081787,0.2979406416416168,0.24421511590480804,0.30526021122932434,0.30661919713020325,0.3301481604576111,0.3979814648628235,0.3683629035949707,0.3709876537322998,0.34060633182525635,0.32690688967704773,0.34093552827835083,-0.004962894292403559,-3.051897862505076e-05,0.0035289486809066276,25.11595174788588,8.120392375715594e-07,,,,,,,,,,,,,,,,,,,,,,,,,,,,,,,,,,,,,,,,,4000.0,200.0,100.0,200.0,5.0,,,,,,,,,,,
376.15296487967754,94.9911294703629,361.54373841774776,156.46466200170096,987.7666025122481,831.3019405105472,0.030377901971532433,36.245905593638696,0.2525332466826317,94.9911294703629,0.7589976006398294,831.3019405105472,0.2525332466826317,0.04959934204816818,0.04959934204816818,0.22101194659170767,0.2062543921293043,0.5727336612789881,0.029173207986537792,0.2219962775707245,1.6126437439542627,0.7559901530389793,1612.6437439542626,755.9901530389793,3001.6016562250065,1411.0930596306412,1423.373769760034,436.4155759000292,0.11984811862669954,0.07086113407969848,-295.48974609375,89.3605728149414,89.18370056152344,35.43949890136719,-10.43946361541748,35.72118377685547,0.6466748118400574,31.90748405456543,-40.57731246948242,32.92106628417969,0.055488310754299164,0.04959934204816818,-22.33458137512207,12.729926109313965,65.35236358642578,12.729926109313965,602.5947067981318,174.00538839248904,1732.5583809029579,639.8171931579756,3139.4291645044113,419.72511606049653,TD,data\td\F13_05_06.wav|data\td\F16_09_02.wav|data\td\M10_09_01.wav|data\td\F24_09_03.wav|data\td\F3_04_07.wav|data\td\F15_10_03.wav|data\td\F1_02_01.wav|data\td\M12_01_10.wav|data\td\M15_04_03.wav|data\td\M22_01_09.wav|data\td\M12_06_10.wav|data\td\F12_09_03.wav|data\td\M20_02_09.wav|data\td\M14_09_09.wav|data\td\F12_02_05.wav|data\td\F13_04_04.wav|data\td\M19_08_02.wav|data\td\F8_08_05.wav|data\td\F13_09_08.wav|data\td\F12_01_07.wav,merged_td_64,td,-13.738542556762695,20.201656341552734,-18.167251586914062,16.296524047851562,-8.744453430175781,17.54173469543457,-10.086685180664062,13.020182609558105,-4.903594493865967,12.763408660888672,-6.608177185058594,11.289252281188965,-4.963626861572266,10.240504264831543,-6.954456806182861,11.468722343444824,0.35713431239128113,0.34317848086357117,0.3799636960029602,0.36026066541671753,0.30962085723876953,0.32620441913604736,0.2798580527305603,0.32795095443725586,0.264289915561676,0.31984201073646545,0.2583393454551697,0.31626132130622864,0.26029738783836365,0.31796443462371826,0.24565277993679047,0.2993195652961731,0.23582565784454346,0.29256734251976013,0.2495996654033661,0.3099163770675659,0.27867060899734497,0.3253401517868042,0.3189235329627991,0.3389889895915985,0.0006279237550898345,1.2792534305139833e-05,-0.026808742395508754,50.02915386771964,1.3413443964711418e-06,,,,,,,,,,,,,,,,,,,,,,,,,,,,,,,,,,,,,,,,,4000.0,200.0,100.0,200.0,5.0,,,,,,,,,,,
376.99780201953996,114.43679143215343,349.2282314330038,169.64319079487348,954.1196458652481,784.4764550703746,-0.02407753604625901,41.13545942320142,0.3035476356072286,114.43679143215343,0.8029858704345508,784.4764550703746,0.3035476356072286,0.04515223577618599,0.04515223577618599,0.18997010959814015,0.19428761208900697,0.6157422783128529,0.026154837452688144,0.20546941459178925,1.549771062234508,0.6506620989542035,1549.771062234508,650.6620989542034,2896.6567248733672,1283.6833717462125,1387.0781557666155,384.5552628324209,0.1110754580028659,0.05437616516569968,-294.0235290527344,90.32774353027344,86.35618591308594,36.29298400878906,-9.19642162322998,34.358150482177734,4.82024621963501,34.26755142211914,-40.31068801879883,30.25568199157715,0.053531110286712646,0.04515223577618599,-20.341588973999023,12.607377052307129,69.34642028808594,12.607377052307129,585.5319148936171,146.5872102544811,1767.2236637259991,629.6637597341999,3104.0581214322783,429.86340201992886,TD,data\td\F25_07_04.wav|data\td\F16_04_08.wav|data\td\M24_04_08.wav|data\td\M23_06_04.wav|data\td\M21_10_05.wav|data\td\F21_04_02.wav|data\td\F15_07_07.wav|data\td\F17_03_02.wav|data\td\F19_01_07.wav|data\td\M23_04_09.wav|data\td\M19_04_02.wav|data\td\F15_08_01.wav|data\td\M25_06_10.wav|data\td\F6_09_07.wav|data\td\F1_04_04.wav|data\td\M19_10_01.wav|data\td\M10_08_04.wav|data\td\M13_01_02.wav|data\td\F2_07_02.wav|data\td\M25_02_05.wav,merged_td_65,td,-10.952725410461426,19.73764419555664,-21.28004264831543,17.581920623779297,-11.186473846435547,16.678972244262695,-9.010863304138184,14.274602890014648,-5.642249584197998,12.847410202026367,-4.222222805023193,11.370489120483398,-4.5369486808776855,11.07840347290039,-6.929965496063232,11.320720672607422,0.3085511326789856,0.3326563835144043,0.29420313239097595,0.32796958088874817,0.2814851701259613,0.31949272751808167,0.29078054428100586,0.33417826890945435,0.2642805278301239,0.3255827724933624,0.22408008575439453,0.2925032079219818,0.2336452156305313,0.2956622242927551,0.26306602358818054,0.32903289794921875,0.2705342471599579,0.3184531629085541,0.28481313586235046,0.33027026057243347,0.29637110233306885,0.3289450407028198,0.318349152803421,0.33440324664115906,0.04309548541643415,3.37053391402512e-05,0.0009593641856622771,57.300841713543676,-1.9093259904995035e-06,,,,,,,,,,,,,,,,,,,,,,,,,,,,,,,,,,,,,,,,,4000.0,200.0,100.0,200.0,5.0,,,,,,,,,,,
399.3422661855582,146.7402288261791,355.3326333920185,238.52991146631203,1729.7642534396414,1491.2343419733293,-0.1931471111066577,54.071288144860446,0.3674547906682006,146.7402288261791,0.7384697414022927,1491.2343419733293,0.3674547906682006,0.042116835713386536,0.042116835713386536,0.2347417840375587,0.20910075839653305,0.5561574575659083,0.030771377389079563,0.20422181487083435,1.6342938051259304,0.6745575738823739,1634.2938051259305,674.557573882374,3024.793388429752,1329.8845292667806,1410.877776100003,409.03839880493035,0.11953687350039989,0.0647897671832861,-290.5858154296875,90.90350341796875,90.30132293701172,35.6955680847168,-18.69445037841797,39.75459289550781,5.431978225708008,32.85663986206055,-45.01791763305664,33.403499603271484,0.05299347639083862,0.042116835713386536,-18.032934188842773,11.559876441955566,60.00275802612305,11.559876441955566,600.6434872859368,164.7067123745995,1765.1063829787233,658.0411894441631,3104.7223663726004,399.2589881668441,TD,data\td\M19_07_02.wav|data\td\F24_06_10.wav|data\td\F3_04_10.wav|data\td\F19_08_10.wav|data\td\M10_10_02.wav|data\td\F2_05_04.wav|data\td\M2_08_03.wav|data\td\F17_04_02.wav|data\td\F7_07_08.wav|data\td\F19_07_01.wav|data\td\M22_09_03.wav|data\td\F21_09_04.wav|data\td\M10_08_06.wav|data\td\F8_07_05.wav|data\td\M24_09_07.wav|data\td\F12_04_03.wav|data\td\F22_07_04.wav|data\td\F18_06_01.wav|data\td\M1_04_02.wav|data\td\M20_09_05.wav,merged_td_66,td,-11.169755935668945,21.57039451599121,-19.71120834350586,16.856887817382812,-8.469367980957031,16.39310646057129,-10.37270450592041,14.76790714263916,-2.9083197116851807,13.48458480834961,-6.884974002838135,11.777899742126465,-3.4108493328094482,10.710515975952148,-6.912624359130859,11.302510261535645,0.3335793614387512,0.34290170669555664,0.3100907504558563,0.3260497450828552,0.29551780223846436,0.3315888047218323,0.2653161883354187,0.3136919140815735,0.26001617312431335,0.3118240237236023,0.2774670124053955,0.3230866491794586,0.2874119281768799,0.3256247043609619,0.2723698616027832,0.3189671039581299,0.2338215708732605,0.30061307549476624,0.22759489715099335,0.28846561908721924,0.27081453800201416,0.319231778383255,0.32212015986442566,0.33435967564582825,-0.022907391411574423,2.0589368306586224e-05,0.001517679149233534,74.68288625850124,-5.598386596643371e-07,,,,,,,,,,,,,,,,,,,,,,,,,,,,,,,,,,,,,,,,,4000.0,200.0,100.0,200.0,5.0,,,,,,,,,,,
411.9162410450625,173.62513581152987,363.6381399878532,106.252996181733,1532.1689914011781,1425.9159952194452,0.09629941300305023,56.410157136526294,0.42150592404666987,173.62513581152987,0.7451346307651293,1425.9159952194452,0.42150592404666987,0.05052018165588379,0.05052018165588379,0.24123120973514675,0.1968503937007874,0.5619183965640658,0.03407035561284071,0.21707788109779358,1.5631975514638685,0.7267742960325078,1563.1975514638684,726.7742960325078,2857.7691782191414,1400.2946372362212,1367.038930470714,426.0607399446145,0.11653559050919755,0.06406150599263957,-286.6953125,92.24016571044922,87.06864929199219,39.859336853027344,-12.906396865844727,39.027225494384766,-4.10056209564209,31.83545684814453,-41.18598937988281,30.798250198364258,0.05999605357646942,0.05052018165588379,-22.12405014038086,13.551114082336426,73.49261474609375,13.551114082336426,609.8183705241308,170.99505575994397,1648.2407887908666,623.6575491066984,3140.8822003113655,429.75033837241165,TD,data\td\F14_05_01.wav|data\td\M13_10_10.wav|data\td\F24_01_08.wav|data\td\F22_06_02.wav|data\td\F5_03_06.wav|data\td\F8_03_09.wav|data\td\F7_02_04.wav|data\td\F6_10_07.wav|data\td\M18_03_02.wav|data\td\M20_07_03.wav|data\td\M15_05_02.wav|data\td\F8_10_03.wav|data\td\F1_07_10.wav|data\td\M18_02_07.wav|data\td\F16_03_10.wav|data\td\F3_05_07.wav|data\td\F19_04_07.wav|data\td\M3_04_09.wav|data\td\F11_10_10.wav|data\td\M17_08_10.wav,merged_td_67,td,-11.906034469604492,20.569059371948242,-19.550020217895508,16.609712600708008,-8.4757719039917,17.015670776367188,-8.704184532165527,14.707574844360352,-4.795962810516357,13.203292846679688,-5.257757186889648,10.885465621948242,-3.706043004989624,10.683161735534668,-7.327991008758545,11.609115600585938,0.3102017939090729,0.33085504174232483,0.29622289538383484,0.32873138785362244,0.2873731851577759,0.32850557565689087,0.27036410570144653,0.31876376271247864,0.27091044187545776,0.319962739944458,0.27504199743270874,0.32673242688179016,0.25825998187065125,0.3128335475921631,0.23909981548786163,0.2958012819290161,0.26775500178337097,0.3150911331176758,0.3168022334575653,0.338063508272171,0.34090664982795715,0.34757450222969055,0.3277161121368408,0.33360299468040466,0.006070053979221333,1.684225448824446e-05,-0.026903161119048745,79.95758244839014,2.2341847933848853e-06,,,,,,,,,,,,,,,,,,,,,,,,,,,,,,,,,,,,,,,,,4000.0,200.0,100.0,200.0,5.0,,,,,,,,,,,
373.68402579655594,102.18285000147372,353.2860680198856,230.40470702053787,1034.4821575295757,804.0774505090378,0.00860183767565401,38.9307020008208,0.27344719856209465,102.18285000147372,0.7877899226872834,804.0774505090378,0.27344719856209465,0.04471581056714058,0.04471581056714058,0.23053486797562628,0.18280297901150983,0.586662153012864,0.028813331901575524,0.21416763961315155,1.4887755870956916,0.6928610212044408,1488.7755870956917,692.8610212044408,2803.21914156225,1359.2706326320524,1364.6244568750371,421.3144374963005,0.1078432470091309,0.06452081502600074,-305.2779235839844,86.16183471679688,90.04928588867188,37.99882125854492,-5.215793609619141,35.160865783691406,1.7347110509872437,30.892797470092773,-36.30746841430664,29.177766799926758,0.05323108658194542,0.04471581056714058,-20.65159797668457,13.383306503295898,75.04420471191406,13.383306503295898,568.2200311364816,148.9736290903495,1708.7285936689157,662.5503331882975,3040.0830306175408,406.3000932614794,TD,data\td\M14_04_05.wav|data\td\M23_01_08.wav|data\td\M14_06_03.wav|data\td\M3_07_07.wav|data\td\F23_05_03.wav|data\td\M10_05_04.wav|data\td\F16_07_06.wav|data\td\M19_02_06.wav|data\td\F15_09_09.wav|data\td\F14_01_03.wav|data\td\F14_08_07.wav|data\td\M18_01_07.wav|data\td\M14_09_03.wav|data\td\M18_10_10.wav|data\td\F17_02_03.wav|data\td\M3_04_10.wav|data\td\F13_05_04.wav|data\td\F21_07_09.wav|data\td\M23_08_04.wav|data\td\M3_04_05.wav,merged_td_68,td,-16.13083267211914,21.309764862060547,-19.78078269958496,18.701602935791016,-11.055389404296875,15.569744110107422,-11.859759330749512,13.778664588928223,-3.829514265060425,11.738423347473145,-5.350405693054199,10.6957426071167,-5.789867401123047,9.77780532836914,-2.9527642726898193,12.141865730285645,0.35475748777389526,0.3445623517036438,0.34250372648239136,0.3520050644874573,0.3028644621372223,0.337208092212677,0.2505057156085968,0.31302013993263245,0.21618026494979858,0.29216015338897705,0.23594817519187927,0.31581419706344604,0.2358727753162384,0.29787328839302063,0.2336781919002533,0.3002893626689911,0.23458974063396454,0.2999661862850189,0.2565232515335083,0.3078511655330658,0.3321472406387329,0.3426041603088379,0.3803291916847229,0.36369240283966064,0.02809982609850453,-2.6541794102786646e-05,-0.0013282622441278538,54.680133319715694,5.96672053189272e-06,,,,,,,,,,,,,,,,,,,,,,,,,,,,,,,,,,,,,,,,,4000.0,200.0,100.0,200.0,5.0,,,,,,,,,,,
418.7095103251978,182.60284057845558,374.29355081837645,176.64303400994282,1505.84724520138,1329.2042111914373,-0.01131868082882711,64.86339083663664,0.43610865307700797,182.60284057845558,0.7016795521194348,1329.2042111914373,0.43610865307700797,0.052279215306043625,0.052279215306043625,0.2588369441277081,0.21664766248574688,0.5245153933865451,0.03502706018473327,0.21157483756542206,1.5154039982576821,0.6865912860036681,1515.4039982576821,686.5912860036682,2801.948647027459,1374.099862440674,1359.9784637144915,421.68198620765116,0.11151622588143162,0.0577342647113162,-288.1515808105469,90.69664001464844,92.3164291381836,37.447696685791016,-11.342387199401855,36.43853759765625,-4.081901550292969,31.597850799560547,-39.936038970947266,31.924379348754883,0.058165185153484344,0.052279215306043625,-20.99526596069336,12.931836128234863,66.46186828613281,12.931836128234863,598.0280228334199,169.63526521255667,1627.358588479502,615.6645083892251,3150.2231447846398,420.9784775431236,TD,data\td\F25_09_07.wav|data\td\F24_05_02.wav|data\td\M11_07_07.wav|data\td\F11_07_04.wav|data\td\M18_10_07.wav|data\td\F11_06_05.wav|data\td\F3_10_02.wav|data\td\F8_09_09.wav|data\td\F1_05_07.wav|data\td\M20_09_04.wav|data\td\F20_08_02.wav|data\td\M2_09_04.wav|data\td\M19_08_08.wav|data\td\F23_07_06.wav|data\td\M2_09_10.wav|data\td\F5_02_08.wav|data\td\F23_06_05.wav|data\td\M13_03_08.wav|data\td\M11_02_05.wav|data\td\F19_06_01.wav,merged_td_69,td,-10.764598846435547,19.24273681640625,-18.4571475982666,16.7221622467041,-8.998310089111328,17.158634185791016,-7.441693305969238,12.642481803894043,-6.548998832702637,11.926312446594238,-3.5677175521850586,12.243675231933594,-5.0323896408081055,10.724533081054688,-9.875406265258789,11.665048599243164,0.3245512545108795,0.32915258407592773,0.3294030427932739,0.33541232347488403,0.3156942129135132,0.32551446557044983,0.30912381410598755,0.3311153054237366,0.3124505281448364,0.3451111912727356,0.2804073095321655,0.3204469680786133,0.2584882080554962,0.30853593349456787,0.27693507075309753,0.3184909522533417,0.2543344497680664,0.2936752736568451,0.25784987211227417,0.3056064248085022,0.29714158177375793,0.33123457431793213,0.3069920837879181,0.3296898603439331,0.003641995454913118,-1.6345047147329406e-05,-0.005331834876804378,91.38834282772632,-1.149192451371965e-06,,,,,,,,,,,,,,,,,,,,,,,,,,,,,,,,,,,,,,,,,4000.0,200.0,100.0,200.0,5.0,,,,,,,,,,,
369.5552643559605,116.8854337178199,341.2518476034216,76.00520839822768,987.7666025122481,911.7613941140205,0.010824906564415168,36.02916919621908,0.31628675056630856,116.8854337178199,0.8000533191149027,911.7613941140205,0.31628675056630856,0.051967572420835495,0.051967572420835495,0.212,0.16266666666666665,0.6253333333333333,0.02665849901500549,0.2085266411304474,1.439787320411934,0.526342571496231,1439.787320411934,526.342571496231,2637.673703679019,1104.2337747376632,1276.1307204109237,354.84367242811965,0.10686251895327913,0.04552059082489415,-279.2710876464844,87.35662841796875,87.21647644042969,33.99203872680664,-16.760526657104492,36.571983337402344,2.090378999710083,33.1116828918457,-37.75050735473633,27.69863510131836,0.059362925589084625,0.051967572420835495,-24.623428344726562,12.187767028808594,73.30925750732422,12.187767028808594,590.9289050337312,147.8073497500731,1715.2049818370526,640.6323476805909,3052.0809548521015,415.7414222487788,TD,data\td\F15_01_04.wav|data\td\F3_04_09.wav|data\td\M1_01_01.wav|data\td\M22_08_01.wav|data\td\M1_06_04.wav|data\td\M22_07_08.wav|data\td\M18_01_02.wav|data\td\F22_08_06.wav|data\td\F18_06_02.wav|data\td\M10_08_05.wav|data\td\F15_03_03.wav|data\td\F20_10_08.wav|data\td\F6_10_08.wav|data\td\M2_08_06.wav|data\td\M1_05_05.wav|data\td\M18_10_06.wav|data\td\M3_07_01.wav|data\td\M1_05_07.wav|data\td\F3_02_10.wav|data\td\M19_06_06.wav,merged_td_70,td,-18.43462562561035,19.387189865112305,-17.86945152282715,15.614694595336914,-11.187716484069824,16.441789627075195,-9.41919231414795,13.550315856933594,-6.833581924438477,13.029496192932129,-4.032330513000488,10.840557098388672,-5.736007213592529,10.524432182312012,-6.203233242034912,10.998831748962402,0.3289740979671478,0.34210994839668274,0.29835766553878784,0.3356494605541229,0.2787734568119049,0.31477463245391846,0.30801981687545776,0.33573785424232483,0.27333104610443115,0.323705792427063,0.24027492105960846,0.3142051100730896,0.2180231660604477,0.28758278489112854,0.25417134165763855,0.3108600974082947,0.30782201886177063,0.3389526307582855,0.2862062156200409,0.3288017213344574,0.2611463665962219,0.30864834785461426,0.3004103899002075,0.33255985379219055,0.019445178783988677,-1.1596420723908927e-05,-0.0006079634766999374,50.21355851807238,5.412064494566861e-06,,,,,,,,,,,,,,,,,,,,,,,,,,,,,,,,,,,,,,,,,4000.0,200.0,100.0,200.0,5.0,,,,,,,,,,,
355.9438992341879,76.76375005839705,343.22869944588433,210.06515286029162,982.0774855145963,772.0123326543047,-0.0068367659657909505,24.07448228196483,0.2156624968809804,76.76375005839705,0.8413756331644895,772.0123326543047,0.2156624968809804,0.04025028273463249,0.04025028273463249,0.17115689381933438,0.16133122028526148,0.6675118858954041,0.02050783893607421,0.20019976794719696,1.4189392430905683,0.5990483406693172,1418.9392430905682,599.0483406693172,2716.181934817382,1259.7767250930015,1325.2178955772517,396.8818155570314,0.0992119549370168,0.05067785203671641,-314.1229553222656,85.40055847167969,98.50148010253906,35.36962127685547,-7.839323043823242,32.68992614746094,9.416189193725586,30.386707305908203,-38.80899429321289,31.667844772338867,0.05071910470724106,0.04025028273463249,-18.270734786987305,11.976673126220703,57.943180084228516,11.976673126220703,552.6933056564609,135.7172907283271,1811.520498183705,691.2393397422749,3020.4878048780492,392.54041449855185,TD,data\td\F19_08_03.wav|data\td\M16_09_05.wav|data\td\M13_08_06.wav|data\td\M1_03_06.wav|data\td\M18_06_03.wav|data\td\M15_09_01.wav|data\td\M11_10_08.wav|data\td\F5_08_01.wav|data\td\F9_09_09.wav|data\td\M23_10_08.wav|data\td\F13_05_08.wav|data\td\M15_07_03.wav|data\td\M20_06_03.wav|data\td\M17_04_10.wav|data\td\M22_02_05.wav|data\td\F5_06_05.wav|data\td\M21_01_10.wav|data\td\F17_01_06.wav|data\td\F25_05_09.wav|data\td\M13_09_04.wav,merged_td_71,td,-15.84566593170166,21.130664825439453,-17.204038619995117,15.050039291381836,-13.094597816467285,17.253520965576172,-10.585921287536621,13.041752815246582,-2.8533072471618652,12.82783031463623,-5.063076019287109,10.597384452819824,-4.139055252075195,9.133665084838867,-4.943646430969238,10.831344604492188,0.28880032896995544,0.32871556282043457,0.27717259526252747,0.3284090757369995,0.29758164286613464,0.3536747992038727,0.2601163983345032,0.324393093585968,0.2100478559732437,0.28547918796539307,0.20057445764541626,0.28879302740097046,0.16524791717529297,0.2510138154029846,0.19541332125663757,0.2805282771587372,0.26184895634651184,0.3305469751358032,0.28907421231269836,0.32850903272628784,0.31861773133277893,0.3530709743499756,0.3191794455051422,0.356533944606781,0.020475179413949277,-2.8853319291519273e-05,-0.00045294804422262773,33.201374091348214,3.330257631506866e-06,,,,,,,,,,,,,,,,,,,,,,,,,,,,,,,,,,,,,,,,,4000.0,200.0,100.0,200.0,5.0,,,,,,,,,,,
360.1240527118165,129.50427808482738,337.3322358273121,187.14677540918822,1161.1669614801472,974.020186070959,0.020265808508309318,38.5028451412325,0.3596101874052303,129.50427808482738,0.8141828845641162,974.020186070959,0.3596101874052303,0.04638196527957916,0.04638196527957916,0.18211595152309204,0.15886013756960368,0.6590239109073043,0.023547320101245918,0.20870649814605713,1.5553300342823517,0.6199971536201142,1555.3300342823518,619.9971536201142,2931.4953512396696,1270.9733627463409,1385.134619997352,382.510120060301,0.11346323272127433,0.05635539383238277,-297.51080322265625,92.55207824707031,88.8714828491211,34.159637451171875,-15.249380111694336,37.941463470458984,3.17331600189209,32.92618179321289,-38.67863464355469,29.25606346130371,0.05198659747838974,0.04638196527957916,-20.230493545532227,12.373541831970215,50.10718536376953,12.373541831970215,597.9034769071095,176.1659851194251,1728.1162428645564,611.9973127624644,3113.8972496107945,420.59831971540757,TD,data\td\M16_02_05.wav|data\td\M22_02_02.wav|data\td\F12_01_04.wav|data\td\M25_06_02.wav|data\td\M20_08_07.wav|data\td\M3_09_03.wav|data\td\M2_01_03.wav|data\td\M15_07_04.wav|data\td\M12_04_04.wav|data\td\F9_01_05.wav|data\td\F21_01_01.wav|data\td\M3_09_05.wav|data\td\M10_03_08.wav|data\td\F22_07_02.wav|data\td\M23_04_10.wav|data\td\F5_08_05.wav|data\td\M1_03_08.wav|data\td\F1_03_05.wav|data\td\M10_07_02.wav|data\td\M22_04_07.wav,merged_td_72,td,-9.872798919677734,18.600412368774414,-21.719951629638672,17.179014205932617,-9.751469612121582,16.20842933654785,-6.6302385330200195,13.231778144836426,-8.569405555725098,12.230740547180176,-5.639811992645264,12.553006172180176,-7.796884059906006,12.128866195678711,-4.7232346534729,10.726913452148438,0.3636598587036133,0.3516615629196167,0.3271310329437256,0.34379905462265015,0.26381656527519226,0.3051958382129669,0.23496022820472717,0.3013348877429962,0.23821018636226654,0.30485814809799194,0.25494110584259033,0.3114026188850403,0.2659373879432678,0.3094639480113983,0.2569587826728821,0.31722477078437805,0.24101124703884125,0.3061152994632721,0.2320057451725006,0.2894965708255768,0.2839412987232208,0.3218173384666443,0.3675265312194824,0.3564326763153076,0.023228117028167978,2.6931973892252206e-06,-0.0002503911332629669,54.25239681531367,3.0025691813103132e-06,,,,,,,,,,,,,,,,,,,,,,,,,,,,,,,,,,,,,,,,,4000.0,200.0,100.0,200.0,5.0,,,,,,,,,,,
406.4217846676121,135.60992026176342,378.64263238750516,94.6606580968763,1209.0792097631181,1114.418551666242,-0.005677416831858703,51.42407019496322,0.33366794147776946,135.60992026176342,0.7803252466009064,1114.418551666242,0.33366794147776946,0.046627193689346313,0.046627193689346313,0.24196855775803144,0.20334928229665072,0.5546821599453179,0.030031995465914247,0.20662234723567963,1.5153275268565576,0.6428278045641411,1515.3275268565576,642.8278045641412,2813.026942815249,1276.8501712073908,1354.2324358206586,394.30113083253326,0.11006348827812583,0.05578348708947852,-295.5315246582031,93.57874298095703,91.1762924194336,36.6214485168457,-13.942063331604004,39.44082260131836,6.566906929016113,31.51093292236328,-39.71024703979492,30.211467742919922,0.055667053908109665,0.046627193689346313,-18.902183532714844,12.378194808959961,55.45751953125,12.378194808959961,588.4379865075247,172.99594049334223,1776.4400622729634,632.6211182934716,3069.060716139076,386.6716068377406,TD,data\td\F18_08_08.wav|data\td\F7_10_02.wav|data\td\M23_08_03.wav|data\td\F11_07_07.wav|data\td\M25_02_09.wav|data\td\F4_04_02.wav|data\td\M10_06_05.wav|data\td\F18_09_02.wav|data\td\M10_09_03.wav|data\td\F7_01_07.wav|data\td\M16_07_04.wav|data\td\M24_02_06.wav|data\td\M24_07_01.wav|data\td\M16_09_09.wav|data\td\F1_06_05.wav|data\td\M14_03_05.wav|data\td\F11_06_07.wav|data\td\F15_08_08.wav|data\td\M3_09_06.wav|data\td\F15_02_04.wav,merged_td_73,td,-14.617016792297363,21.5646915435791,-17.691341400146484,15.688045501708984,-8.46009635925293,17.061922073364258,-9.121338844299316,14.382013320922852,-5.018656253814697,12.77186393737793,-4.829089641571045,11.580179214477539,-5.589859485626221,11.005581855773926,-7.626443862915039,11.915796279907227,0.2994982898235321,0.3364601731300354,0.2890233099460602,0.32395774126052856,0.2880552113056183,0.32125771045684814,0.2968355119228363,0.331147700548172,0.2860414981842041,0.33597588539123535,0.2626616656780243,0.3154488801956177,0.2664443850517273,0.3222491145133972,0.26529660820961,0.3211686313152313,0.23724383115768433,0.3039836287498474,0.23613905906677246,0.30343738198280334,0.2473013699054718,0.3123141825199127,0.2620813548564911,0.3193027675151825,0.008126934934293168,-3.6560358753455425e-06,-0.003535425907968109,71.8037016613396,1.6192178378398771e-06,,,,,,,,,,,,,,,,,,,,,,,,,,,,,,,,,,,,,,,,,4000.0,200.0,100.0,200.0,5.0,,,,,,,,,,,
365.84732934402206,82.62615835925554,355.3326333920185,65.40639132514966,970.7973635040968,905.3909721789471,0.06304983366290932,30.944616916916523,0.2258487399850843,82.62615835925554,0.7984537456678219,905.3909721789471,0.2258487399850843,0.05069933459162712,0.05069933459162712,0.20273881095524382,0.18002672010688042,0.6172344689378757,0.026699073988877782,0.19151541590690613,1.5321699911458897,0.6853199685656605,1532.1699911458898,685.3199685656605,2901.9157391362305,1372.2811594479044,1387.7953361480575,416.3003358722875,0.10946143528392428,0.06514614975060364,-287.7635192871094,93.90817260742188,90.08692932128906,38.32624435424805,-9.173396110534668,35.72114562988281,4.783431529998779,31.169334411621094,-39.0678596496582,29.8754825592041,0.06026280298829079,0.05069933459162712,-20.923460006713867,13.756401062011719,80.0,13.756401062011719,592.7970939283862,156.9025111103851,1716.907109496627,646.6704455102827,3104.8884276076806,415.6338202632237,TD,data\td\F18_07_08.wav|data\td\F12_02_03.wav|data\td\M23_05_07.wav|data\td\M20_06_02.wav|data\td\M3_02_05.wav|data\td\F15_04_01.wav|data\td\F14_10_03.wav|data\td\M3_07_03.wav|data\td\M24_01_06.wav|data\td\M10_04_08.wav|data\td\F8_04_09.wav|data\td\M24_07_10.wav|data\td\F12_02_01.wav|data\td\F2_08_07.wav|data\td\M13_10_01.wav|data\td\M20_09_01.wav|data\td\F6_03_09.wav|data\td\F22_06_03.wav|data\td\F5_03_03.wav|data\td\F8_03_06.wav,merged_td_74,td,-10.87303352355957,19.85500144958496,-20.5040283203125,17.46720314025879,-9.845908164978027,16.471145629882812,-9.979473114013672,14.927215576171875,-6.149967670440674,12.55754566192627,-4.509944438934326,11.156105995178223,-3.7803499698638916,11.280519485473633,-6.648533344268799,11.40870475769043,0.3836134076118469,0.3494601845741272,0.35401782393455505,0.3572428822517395,0.28180715441703796,0.32271063327789307,0.238292396068573,0.30395808815956116,0.23024022579193115,0.312997967004776,0.2296026051044464,0.3119271397590637,0.2152111679315567,0.29771989583969116,0.19503282010555267,0.27938032150268555,0.197903111577034,0.28035247325897217,0.22129346430301666,0.29391980171203613,0.29646599292755127,0.3253422677516937,0.39941444993019104,0.3732263147830963,0.008267514756357557,1.5797053594488142e-05,0.0014589438410647529,42.64166083925069,-7.312833410823425e-07,,,,,,,,,,,,,,,,,,,,,,,,,,,,,,,,,,,,,,,,,4000.0,200.0,100.0,200.0,5.0,,,,,,,,,,,
353.469182966914,87.51262063112975,331.5370699244067,184.9972113558172,895.3821290503639,710.3849176945467,-0.00776555431840384,32.800982381181655,0.24758203783587338,87.51262063112975,0.7864569448147161,710.3849176945467,0.24758203783587338,0.04748792201280594,0.04748792201280594,0.20854526958290945,0.1787046456425907,0.6127500847744999,0.024742119607663784,0.2142297327518463,1.5171643255669494,0.6376962907740386,1517.1643255669494,637.6962907740385,2815.8824313516398,1296.4119062950765,1359.5781470080353,407.2744721527271,0.10818417172087444,0.05276097415756966,-310.1496887207031,102.11813354492188,85.67521667480469,35.89821243286133,-13.251287460327148,38.547752380371094,1.247451663017273,35.48775863647461,-38.28458786010742,28.668371200561523,0.05183093994855881,0.04748792201280594,-22.324092864990234,14.208694458007812,64.23916625976562,14.208694458007812,590.2231447846394,164.12290129657185,1686.6424494032176,602.5877136518052,3008.6974571873384,390.79441345468706,TD,data\td\F15_01_09.wav|data\td\F22_09_01.wav|data\td\M19_10_05.wav|data\td\M19_02_05.wav|data\td\M18_02_08.wav|data\td\F25_03_08.wav|data\td\F19_10_06.wav|data\td\M17_04_04.wav|data\td\M13_10_02.wav|data\td\M15_10_03.wav|data\td\M10_06_09.wav|data\td\M24_02_10.wav|data\td\M24_06_04.wav|data\td\F22_09_09.wav|data\td\F14_02_03.wav|data\td\F11_10_02.wav|data\td\M22_08_04.wav|data\td\M13_02_01.wav|data\td\M15_06_04.wav|data\td\F2_01_06.wav,merged_td_75,td,-13.787413597106934,20.203323364257812,-19.933767318725586,16.247669219970703,-9.7908353805542,15.319169998168945,-11.570635795593262,14.2324857711792,-3.758988380432129,12.199414253234863,-6.160123825073242,11.184216499328613,-6.236173152923584,11.759727478027344,-5.566969871520996,10.862863540649414,0.29661253094673157,0.3263756334781647,0.26889851689338684,0.317037969827652,0.26823732256889343,0.31964996457099915,0.2654620110988617,0.3109637498855591,0.2600627541542053,0.3067341446876526,0.25438567996025085,0.3080850839614868,0.2325148582458496,0.28628939390182495,0.2763611674308777,0.32708123326301575,0.3179897367954254,0.3421369791030884,0.33104732632637024,0.34299802780151367,0.3290237784385681,0.3338051736354828,0.3271300196647644,0.34507283568382263,-0.015744956859823484,-2.1944641437194875e-05,0.002275207791378285,46.36485624080837,-1.4024903863039476e-06,,,,,,,,,,,,,,,,,,,,,,,,,,,,,,,,,,,,,,,,,4000.0,200.0,100.0,200.0,5.0,,,,,,,,,,,
377.5933620270598,152.43206983611063,337.3322358273121,77.33375603922921,1318.5102276514795,1241.1764716122502,0.05933917644804198,50.096222102598475,0.40369372230962774,152.43206983611063,0.7861903492402026,1241.1764716122502,0.40369372230962774,0.054670073091983795,0.054670073091983795,0.22557666214382632,0.19776119402985073,0.576662143826323,0.030658910356805517,0.20337629318237305,1.4905750522895165,0.6071175054237539,1490.5750522895164,607.1175054237539,2801.3425586510266,1268.6200417698496,1353.762041261308,396.2575017757934,0.10544167388696347,0.05162993730469466,-283.3587646484375,96.61193084716797,94.84196472167969,37.05044937133789,-12.151193618774414,37.855438232421875,5.580408573150635,35.799842834472656,-42.348594665527344,29.656171798706055,0.06364559382200241,0.054670073091983795,-22.184389114379883,12.76038646697998,65.27825927734375,12.76038646697998,580.1349247535029,172.19683318868036,1724.8365334717178,660.6198942853053,3101.318111053451,421.3911880838254,TD,data\td\M25_08_02.wav|data\td\M1_01_10.wav|data\td\M12_06_08.wav|data\td\M13_06_09.wav|data\td\M20_09_02.wav|data\td\F20_04_07.wav|data\td\M20_04_10.wav|data\td\M11_07_10.wav|data\td\F13_07_04.wav|data\td\F16_09_09.wav|data\td\F21_05_04.wav|data\td\F15_02_06.wav|data\td\F21_08_03.wav|data\td\F22_10_01.wav|data\td\F14_02_01.wav|data\td\M12_06_07.wav|data\td\F15_06_06.wav|data\td\F11_09_02.wav|data\td\F11_08_02.wav|data\td\M25_03_05.wav,merged_td_76,td,-12.141372680664062,18.39128875732422,-19.556133270263672,16.589879989624023,-11.818130493164062,16.919858932495117,-10.446683883666992,13.328608512878418,-7.779099941253662,12.918478965759277,-3.404294967651367,11.773666381835938,-5.707013130187988,11.05675983428955,-5.283357620239258,12.766772270202637,0.2973194718360901,0.3174918591976166,0.32178154587745667,0.3475622534751892,0.2846311628818512,0.3223218321800232,0.2794787585735321,0.32211410999298096,0.3093712627887726,0.34488871693611145,0.2684110105037689,0.3071507215499878,0.25350862741470337,0.30306506156921387,0.24189454317092896,0.30873194336891174,0.22498726844787598,0.2892235517501831,0.27539002895355225,0.3361246883869171,0.30308467149734497,0.33280742168426514,0.3283257484436035,0.3514818251132965,0.0384726353315177,2.1682449727549722e-06,-0.0004967611851211816,70.20483955214308,-1.7994812032396724e-06,,,,,,,,,,,,,,,,,,,,,,,,,,,,,,,,,,,,,,,,,4000.0,200.0,100.0,200.0,5.0,,,,,,,,,,,
369.47152377280094,112.67380745653738,341.2518476034216,219.99999999999997,1108.730523907488,888.7305239074881,0.02189315153818008,37.44446802322844,0.3049593817298457,112.67380745653738,0.773127166089043,888.7305239074881,0.3049593817298457,0.04846595972776413,0.04846595972776413,0.21007243877199033,0.1917902725077613,0.5981372887202484,0.024101878208330284,0.21580688655376434,1.4895690711551257,0.6294481910758603,1489.5690711551258,629.4481910758602,2731.6174020261265,1278.7959577276608,1333.8345195091422,398.42432248972966,0.1105802775509864,0.05239560200636189,-291.9234619140625,88.31269836425781,88.22159576416016,34.231422424316406,-12.58332633972168,36.500244140625,-5.679907321929932,31.708276748657227,-37.431209564208984,29.276582717895508,0.05561584234237671,0.04846595972776413,-24.78564453125,12.634549140930176,57.624244689941406,12.634549140930176,610.4826154644526,169.85657162783795,1632.9631551634668,630.3664743071246,3070.8873897249614,402.63007031601614,TD,data\td\M19_08_10.wav|data\td\F24_02_10.wav|data\td\F22_02_09.wav|data\td\M24_06_07.wav|data\td\F2_07_06.wav|data\td\F24_09_02.wav|data\td\M21_10_04.wav|data\td\M25_10_08.wav|data\td\F23_03_03.wav|data\td\M1_02_09.wav|data\td\M14_04_01.wav|data\td\M19_01_02.wav|data\td\F9_05_01.wav|data\td\M11_08_06.wav|data\td\M19_02_10.wav|data\td\F15_09_01.wav|data\td\M12_01_07.wav|data\td\F4_04_08.wav|data\td\M23_10_07.wav|data\td\M3_05_05.wav,merged_td_77,td,-12.508695602416992,19.149505615234375,-18.875682830810547,15.715028762817383,-7.882564067840576,15.32315444946289,-9.066021919250488,13.296605110168457,-5.210869789123535,12.749979972839355,-5.002457141876221,11.12939739227295,-6.160523891448975,9.735649108886719,-5.745442867279053,9.907173156738281,0.29819580912590027,0.32167598605155945,0.29024097323417664,0.33012139797210693,0.27974775433540344,0.31305885314941406,0.31896480917930603,0.342781126499176,0.3026506006717682,0.3301284611225128,0.2747398912906647,0.32363781332969666,0.23495261371135712,0.28877153992652893,0.24886436760425568,0.30293720960617065,0.2923355996608734,0.3248346447944641,0.31287774443626404,0.33746659755706787,0.2997492849826813,0.319902241230011,0.3172384798526764,0.3467679023742676,0.008313505255198793,2.283855876240399e-05,0.0025194794716023048,52.42501493806132,8.098907114635002e-07,,,,,,,,,,,,,,,,,,,,,,,,,,,,,,,,,,,,,,,,,4000.0,200.0,100.0,200.0,5.0,,,,,,,,,,,
380.2284368159672,99.14687121329436,361.54373841774776,225.1422562392905,1083.407083743526,858.2648275042355,-0.015975124593116938,32.97871551742841,0.2607560655998016,99.14687121329436,0.7304718741668889,858.2648275042355,0.2607560655998016,0.05084776133298874,0.05084776133298874,0.2248995983935743,0.19569185834246075,0.579408543263965,0.02811257520419765,0.2099311351776123,1.5531106825921965,0.6683596681987524,1553.1106825921966,668.3596681987524,2921.173103838976,1352.0981958211185,1398.3220598210162,429.85475712801343,0.11460771919154893,0.059971713972016616,-297.05206298828125,92.29956817626953,84.26087951660156,36.924407958984375,-6.407816410064697,36.70703125,-2.473726511001587,29.65593147277832,-36.580326080322266,29.418317794799805,0.05405560880899429,0.05084776133298874,-23.8475399017334,13.270631790161133,70.58697509765625,13.270631790161133,595.038920601972,172.80137251560032,1699.5121951219514,648.2124626712389,3138.2667358588487,427.2498520454522,TD,data\td\F20_02_01.wav|data\td\M18_04_10.wav|data\td\M24_10_07.wav|data\td\M24_05_08.wav|data\td\F11_09_08.wav|data\td\F6_04_01.wav|data\td\F19_09_10.wav|data\td\F1_04_02.wav|data\td\F3_08_04.wav|data\td\M14_01_07.wav|data\td\F6_10_03.wav|data\td\F6_03_07.wav|data\td\F5_05_09.wav|data\td\M12_04_09.wav|data\td\F1_08_07.wav|data\td\F19_03_05.wav|data\td\F20_01_07.wav|data\td\F18_06_04.wav|data\td\M2_05_10.wav|data\td\F21_04_09.wav,merged_td_78,td,-13.558432579040527,20.3824520111084,-18.967205047607422,16.787893295288086,-8.096774101257324,17.960750579833984,-7.655269145965576,14.202500343322754,-4.782561302185059,11.749361991882324,-5.4113006591796875,10.612060546875,-3.443178176879883,10.666927337646484,-6.835233688354492,11.942062377929688,0.33613133430480957,0.3433005213737488,0.3231879770755768,0.33928918838500977,0.2934214174747467,0.3217567205429077,0.27309364080429077,0.32080644369125366,0.2586442530155182,0.31753361225128174,0.25062495470046997,0.31150582432746887,0.2529918849468231,0.31146544218063354,0.2649979591369629,0.31484565138816833,0.26691484451293945,0.31060469150543213,0.29224616289138794,0.32911452651023865,0.31210941076278687,0.33646681904792786,0.3251209259033203,0.33623483777046204,-0.015622147494518965,-1.0489268388779899e-05,0.007595740249817548,45.59280109153457,-8.332429413257459e-07,,,,,,,,,,,,,,,,,,,,,,,,,,,,,,,,,,,,,,,,,4000.0,200.0,100.0,200.0,5.0,,,,,,,,,,,
385.5482744099677,116.40505473527111,367.86341164694414,169.64319079487348,1077.167118108097,907.5239273132235,0.006347390781074471,35.92668881065235,0.3019208292746587,116.40505473527111,0.7480671820847774,907.5239273132235,0.3019208292746587,0.04662684351205826,0.04662684351205826,0.2035650623885918,0.17575757575757575,0.6206773618538325,0.024447724656657885,0.21718746423721313,1.6716155534492136,0.6402051468317109,1671.6155534492136,640.205146831711,3115.669154892029,1246.7564819555098,1439.409479867979,375.79510044318357,0.12317496584244202,0.06456686141376655,-291.6258239746094,93.41548156738281,84.34908294677734,33.725425720214844,-15.91693115234375,35.96920394897461,6.916469573974609,32.989925384521484,-42.54768753051758,32.56428146362305,0.053230635821819305,0.04662684351205826,-21.930797576904297,12.549381256103516,63.9254150390625,12.549381256103516,592.755578619616,158.47434740889022,1781.9615983393878,648.8103398196079,3052.205500778413,409.6992508737771,TD,data\td\F19_01_03.wav|data\td\F23_06_08.wav|data\td\M19_09_05.wav|data\td\F1_09_07.wav|data\td\M15_08_03.wav|data\td\F7_07_10.wav|data\td\F1_02_06.wav|data\td\F19_10_04.wav|data\td\F8_06_02.wav|data\td\M22_04_08.wav|data\td\F15_09_06.wav|data\td\M25_09_07.wav|data\td\F23_04_07.wav|data\td\M16_04_07.wav|data\td\F1_03_01.wav|data\td\F17_08_01.wav|data\td\M10_09_06.wav|data\td\F9_02_07.wav|data\td\M3_06_07.wav|data\td\F19_09_08.wav,merged_td_79,td,-10.961915969848633,19.4637451171875,-18.625038146972656,15.946470260620117,-7.407417297363281,16.3907413482666,-9.03481388092041,14.30998706817627,-3.0979270935058594,12.97531509399414,-5.702102184295654,11.121352195739746,-5.955574989318848,11.786853790283203,-6.300307273864746,12.591042518615723,0.2506311535835266,0.298004150390625,0.3064294159412384,0.3296130895614624,0.3419753313064575,0.34378868341445923,0.321812242269516,0.33390143513679504,0.29520392417907715,0.3168801963329315,0.2725367844104767,0.32406723499298096,0.23033569753170013,0.290358304977417,0.2432972639799118,0.31263431906700134,0.2551782429218292,0.306039422750473,0.3081987798213959,0.3321388065814972,0.3236839175224304,0.34826430678367615,0.2687664031982422,0.31108909845352173,-0.01596496275293194,-1.0408467837728016e-05,0.01899475871953304,50.37304543247129,-2.789501401535138e-06,,,,,,,,,,,,,,,,,,,,,,,,,,,,,,,,,,,,,,,,,4000.0,200.0,100.0,200.0,5.0,,,,,,,,,,,
365.5402265185064,63.79957146096269,353.2860680198856,211.28204791122093,885.097788139711,673.8157402284901,-0.04453197151277796,24.91167588203121,0.1745350219553269,63.79957146096269,0.8229805385230605,673.8157402284901,0.1745350219553269,0.04681434854865074,0.04681434854865074,0.22683084899546338,0.1983149708360337,0.5748541801685029,0.02628585750357314,0.20407399535179138,1.5110241504485302,0.623201739534348,1511.0241504485302,623.201739534348,2894.3198480405226,1285.551304619689,1411.312177124283,391.9930869598938,0.10804814028758998,0.05478552844621673,-288.0089111328125,90.71379852294922,88.11628723144531,35.383872985839844,-5.700340747833252,33.091522216796875,2.79463529586792,30.200326919555664,-41.08099365234375,29.542098999023438,0.0585467554628849,0.04681434854865074,-19.516345977783203,13.027177810668945,64.81416320800781,13.027177810668945,591.0534509600416,169.6228287249791,1747.213284898807,644.3072506512838,3135.23611831863,408.7316897002673,TD,data\td\M10_05_06.wav|data\td\F24_01_03.wav|data\td\F11_10_05.wav|data\td\F23_08_03.wav|data\td\M18_06_09.wav|data\td\M12_09_02.wav|data\td\F12_03_03.wav|data\td\F18_09_05.wav|data\td\M14_07_10.wav|data\td\F1_06_06.wav|data\td\M11_09_06.wav|data\td\M11_10_03.wav|data\td\M10_07_08.wav|data\td\F24_10_02.wav|data\td\M11_02_10.wav|data\td\M14_10_04.wav|data\td\F12_04_10.wav|data\td\M17_03_07.wav|data\td\M18_07_02.wav|data\td\F21_04_07.wav,merged_td_80,td,-14.165420532226562,19.201353073120117,-21.186857223510742,15.692290306091309,-9.036800384521484,16.929244995117188,-8.835587501525879,12.646065711975098,-7.451394081115723,12.541571617126465,-7.904707908630371,11.263431549072266,-5.706705093383789,10.357673645019531,-5.4077277183532715,10.94949722290039,0.37587177753448486,0.3482785224914551,0.3394460678100586,0.3435055613517761,0.2813572585582733,0.31929951906204224,0.26070189476013184,0.32575535774230957,0.22758540511131287,0.3011159896850586,0.21995556354522705,0.2931901514530182,0.2148813009262085,0.28972378373146057,0.20225198566913605,0.28319409489631653,0.2059202492237091,0.28697308897972107,0.2431509792804718,0.30186939239501953,0.33297574520111084,0.3505993187427521,0.3860161304473877,0.3612078130245209,-0.006667024841544324,2.8879417392742335e-06,0.002999203623311759,33.92667486725457,1.570301228883257e-06,,,,,,,,,,,,,,,,,,,,,,,,,,,,,,,,,,,,,,,,,4000.0,200.0,100.0,200.0,5.0,,,,,,,,,,,
352.84201199389184,88.37389422320534,335.38934511626763,173.60841241450115,965.2059821312707,791.5975697167696,0.04537431338241295,30.097436202908842,0.2504630719108789,88.37389422320534,0.7872567315382565,791.5975697167696,0.2504630719108789,0.04951198771595955,0.04951198771595955,0.18834688346883469,0.16294037940379405,0.6487127371273713,0.023321137246186046,0.2091277688741684,1.557581015240599,0.6625320205756103,1557.581015240599,662.5320205756103,2917.305385230605,1324.595728026047,1381.2048752585968,399.6066305510451,0.11400097994701414,0.06403435258928039,-292.72576904296875,93.85516357421875,89.51070404052734,34.847049713134766,-13.897623062133789,34.545753479003906,3.161341905593872,31.71537971496582,-39.46824264526367,30.822412490844727,0.0544704906642437,0.04951198771595955,-22.543825149536133,12.406601905822754,57.859840393066406,12.406601905822754,598.4016606123508,168.4337217909475,1686.3518422418267,617.7423037404341,3076.8655941878574,441.98830845541437,TD,data\td\F22_02_08.wav|data\td\F17_01_05.wav|data\td\M23_08_10.wav|data\td\F22_03_07.wav|data\td\F8_01_07.wav|data\td\M17_09_07.wav|data\td\M10_01_10.wav|data\td\F12_10_08.wav|data\td\M2_09_02.wav|data\td\F15_05_03.wav|data\td\F12_10_02.wav|data\td\F20_08_09.wav|data\td\M25_06_04.wav|data\td\M1_03_07.wav|data\td\M3_08_02.wav|data\td\M24_03_08.wav|data\td\F12_05_03.wav|data\td\M21_03_08.wav|data\td\F7_06_08.wav|data\td\F12_03_04.wav,merged_td_81,td,-12.091651916503906,20.436010360717773,-19.597097396850586,16.896350860595703,-7.289398193359375,15.308723449707031,-9.97636890411377,14.4301118850708,-6.627604007720947,13.46037483215332,-4.75151252746582,11.426264762878418,-6.951343059539795,10.669944763183594,-6.733954429626465,10.67919921875,0.31086716055870056,0.3300451934337616,0.2896971106529236,0.32017138600349426,0.2859041690826416,0.3192753195762634,0.2823500633239746,0.3220885097980499,0.26857852935791016,0.32066142559051514,0.25411877036094666,0.3059849739074707,0.2442004531621933,0.29725971817970276,0.24929627776145935,0.30544546246528625,0.26721638441085815,0.31571266055107117,0.28343334794044495,0.31798288226127625,0.3401104509830475,0.34730616211891174,0.34642449021339417,0.34894102811813354,-0.00020729166538607617,-2.4150381065158833e-05,-0.014864341600520588,42.12661243601891,-2.5075101337032516e-06,,,,,,,,,,,,,,,,,,,,,,,,,,,,,,,,,,,,,,,,,4000.0,200.0,100.0,200.0,5.0,,,,,,,,,,,
366.7595945233766,117.59580886344914,343.22869944588433,174.61411571650194,1341.5573804650705,1166.9432647485687,-0.042402747099783804,43.02443784385505,0.32063458085199126,117.59580886344914,0.7739269528125833,1166.9432647485687,0.32063458085199126,0.05449454113841057,0.05449454113841057,0.2133011716057891,0.18022053756030323,0.6064782908339077,0.02554800335579609,0.21036593616008759,1.604700890976663,0.72655736024955,1604.700890976663,726.55736024955,2937.9123900293257,1374.6307398556255,1396.0899076742178,416.39735065628656,0.11782847490669154,0.06453181237488191,-285.3724365234375,95.77972412109375,86.94038391113281,38.22920608520508,-10.443258285522461,38.1788330078125,2.817811965942383,37.257225036621094,-39.67579650878906,29.830617904663086,0.061608053743839264,0.05449454113841057,-20.789514541625977,13.01106071472168,56.1080207824707,13.01106071472168,589.7664763881681,165.74664545304327,1678.5469641930463,633.4770128566868,3061.7955371043076,430.3606084823862,TD,data\td\M18_09_01.wav|data\td\M14_08_01.wav|data\td\M10_09_07.wav|data\td\F22_07_01.wav|data\td\M15_04_02.wav|data\td\M25_01_07.wav|data\td\M17_01_09.wav|data\td\M2_04_04.wav|data\td\F1_04_01.wav|data\td\F9_08_09.wav|data\td\M24_10_10.wav|data\td\M11_03_10.wav|data\td\F16_04_10.wav|data\td\M19_04_06.wav|data\td\M21_08_01.wav|data\td\F19_02_09.wav|data\td\F4_01_01.wav|data\td\M25_05_01.wav|data\td\M24_09_06.wav|data\td\M18_09_06.wav,merged_td_82,td,-13.830484390258789,20.441871643066406,-17.996248245239258,15.704737663269043,-9.11316967010498,16.388853073120117,-10.078800201416016,14.847256660461426,-4.347896099090576,12.348592758178711,-4.149712562561035,12.97669792175293,-6.605340003967285,11.209107398986816,-6.057137966156006,11.821056365966797,0.3139762878417969,0.33138027787208557,0.3176703155040741,0.33830758929252625,0.27351075410842896,0.30561164021492004,0.28202739357948303,0.32113561034202576,0.3022049367427826,0.33646345138549805,0.2730874717235565,0.31332650780677795,0.2660817503929138,0.3182012140750885,0.25397443771362305,0.30889958143234253,0.24423356354236603,0.30028629302978516,0.29036977887153625,0.3288252353668213,0.31601813435554504,0.33885112404823303,0.312063604593277,0.33214688301086426,0.0008470414821671439,-2.380030772231946e-05,0.013421698507231093,60.400378998096365,-3.805064871971439e-06,,,,,,,,,,,,,,,,,,,,,,,,,,,,,,,,,,,,,,,,,4000.0,200.0,100.0,200.0,5.0,,,,,,,,,,,
386.6749182572788,119.37715856483482,363.6381399878532,182.87233715141332,1216.0833343716429,1033.2109972202295,0.02365145460740593,39.885949231241675,0.30872744242854094,119.37715856483482,0.8221807517995201,1033.2109972202295,0.30872744242854094,0.04491899162530899,0.04491899162530899,0.20953616607200778,0.19883230619526435,0.5916315277327279,0.025169862126039902,0.2063511461019516,1.5293201007158392,0.6347097034651131,1529.3201007158393,634.7097034651131,2855.319831378299,1245.0945080649165,1349.2365048525971,388.7174178846948,0.11143747084110904,0.05777182915775853,-288.47601318359375,87.28034973144531,90.7584457397461,36.624732971191406,-19.223690032958984,36.228553771972656,2.0457966327667236,31.389039993286133,-42.120460510253906,30.46105194091797,0.05777694284915924,0.04491899162530899,-19.217693328857422,11.971923828125,68.33560943603516,11.971923828125,604.0062272963156,165.1624822699949,1759.252724442138,637.891720702468,3089.112610275039,404.2080363626181,TD,data\td\F19_06_10.wav|data\td\F4_07_10.wav|data\td\M20_08_03.wav|data\td\F7_03_04.wav|data\td\F5_05_02.wav|data\td\F6_01_07.wav|data\td\M10_03_03.wav|data\td\M12_09_06.wav|data\td\F4_03_01.wav|data\td\M24_06_01.wav|data\td\F24_09_08.wav|data\td\M10_06_01.wav|data\td\M1_05_09.wav|data\td\F8_01_05.wav|data\td\F11_06_02.wav|data\td\F25_01_09.wav|data\td\F18_03_04.wav|data\td\F21_10_09.wav|data\td\F25_04_05.wav|data\td\M14_09_06.wav,merged_td_83,td,-16.418903350830078,20.992746353149414,-17.965267181396484,15.760845184326172,-10.101524353027344,16.818906784057617,-9.59899616241455,13.901947975158691,-4.92261266708374,12.732767105102539,-5.608554840087891,12.289826393127441,-4.891793251037598,10.85944938659668,-8.717007637023926,11.475872039794922,0.30219200253486633,0.33444058895111084,0.275650292634964,0.3279789388179779,0.26403582096099854,0.31421878933906555,0.2799054682254791,0.3306571841239929,0.27848803997039795,0.33886221051216125,0.24264131486415863,0.30871009826660156,0.22605298459529877,0.29797130823135376,0.23768216371536255,0.3112555742263794,0.22839197516441345,0.3015786111354828,0.2463373988866806,0.3147764503955841,0.2649754285812378,0.31840670108795166,0.3034953773021698,0.3381405472755432,0.0038403542809546483,1.1702207110253675e-05,0.0013788930593147547,55.4347326106574,1.971526614965567e-06,,,,,,,,,,,,,,,,,,,,,,,,,,,,,,,,,,,,,,,,,4000.0,200.0,100.0,200.0,5.0,,,,,,,,,,,
375.74016304812056,143.53525474025815,345.2170030745703,235.7901617579845,1479.9776908465376,1244.1875290885532,0.005164429914462316,42.20098786557564,0.38200668668437177,143.53525474025815,0.773127166089043,1244.1875290885532,0.38200668668437177,0.04454147443175316,0.04454147443175316,0.15246636771300448,0.16522938944463608,0.6823042428423595,0.020362493825636152,0.20558318495750427,1.643109035185803,0.6212375095165033,1643.1090351858031,621.2375095165032,3084.946097707278,1259.115634854001,1440.9656173169046,382.8350792403536,0.1187537490002666,0.053756808384962815,-294.75445556640625,96.27467346191406,82.68626403808594,35.23410415649414,-13.518593788146973,33.3220329284668,8.765880584716797,34.76250457763672,-37.84035110473633,30.26936912536621,0.05031998082995415,0.04454147443175316,-22.68377685546875,13.197159767150879,73.2769775390625,13.197159767150879,586.279190451479,161.55827361434703,1764.6912298910227,628.5105566308235,3120.3321224701604,443.6461460826613,TD,data\td\F21_08_05.wav|data\td\M22_10_03.wav|data\td\F4_10_02.wav|data\td\F12_01_01.wav|data\td\F19_09_03.wav|data\td\F2_04_08.wav|data\td\F18_04_06.wav|data\td\M3_06_08.wav|data\td\F8_10_04.wav|data\td\M15_09_03.wav|data\td\M25_10_01.wav|data\td\M14_06_02.wav|data\td\M25_09_01.wav|data\td\M1_07_10.wav|data\td\F13_07_08.wav|data\td\M1_09_04.wav|data\td\F5_01_06.wav|data\td\M16_03_05.wav|data\td\M12_09_01.wav|data\td\F7_10_08.wav,merged_td_84,td,-12.893179893493652,19.3914794921875,-17.52420425415039,17.743431091308594,-7.658360481262207,16.89766502380371,-8.330307006835938,12.396743774414062,-7.236286640167236,12.617842674255371,-2.8226497173309326,11.745464324951172,-3.794522762298584,11.498037338256836,-5.756757736206055,11.47111701965332,0.3537253737449646,0.3448163568973541,0.3490699231624603,0.33898237347602844,0.2972396910190582,0.3143964409828186,0.283498078584671,0.3155355453491211,0.26784875988960266,0.3192148208618164,0.26231399178504944,0.3149096965789795,0.2781881093978882,0.3256515562534332,0.26151609420776367,0.3070127069950104,0.26841041445732117,0.31512323021888733,0.26844459772109985,0.3144860565662384,0.2656750977039337,0.3106832206249237,0.30003511905670166,0.3288910388946533,0.007300802243834674,5.90687539613018e-05,-0.0019319832059287861,59.31057097753721,-8.932746220457281e-06,,,,,,,,,,,,,,,,,,,,,,,,,,,,,,,,,,,,,,,,,4000.0,200.0,100.0,200.0,5.0,,,,,,,,,,,
363.71085306381974,116.06164124593698,329.6275569128699,233.08188075904494,970.7973635040968,737.7154827450519,0.012376532752440723,34.22929841323782,0.3191041462421575,116.06164124593698,0.7683284457478006,737.7154827450519,0.3191041462421575,0.04585454612970352,0.04585454612970352,0.194376952447067,0.17528635890315863,0.6303366886497744,0.02265898406229914,0.21609832346439362,1.5224676869399159,0.6913201377236745,1522.467686939916,691.3201377236745,2817.1279325513196,1411.3633637123892,1363.1063551198208,444.50533770557536,0.11547129098906958,0.06353116733895442,-301.53765869140625,89.0872802734375,90.31775665283203,37.15684509277344,-11.201550483703613,35.887203216552734,-5.6716718673706055,30.804115295410156,-35.627315521240234,28.491294860839844,0.05103043094277382,0.04585454612970352,-22.261951446533203,12.940492630004883,64.45343780517578,12.940492630004883,592.6725480020758,166.9339186683961,1623.1655422937208,622.0224457101489,3096.460819927349,429.4308140250014,TD,data\td\F15_02_08.wav|data\td\M1_03_03.wav|data\td\M21_07_06.wav|data\td\F11_06_04.wav|data\td\F17_05_07.wav|data\td\M1_06_10.wav|data\td\F8_07_02.wav|data\td\M1_08_09.wav|data\td\F15_03_09.wav|data\td\M1_02_05.wav|data\td\F24_08_08.wav|data\td\F15_07_04.wav|data\td\M18_09_09.wav|data\td\F9_08_05.wav|data\td\M18_08_01.wav|data\td\F15_04_06.wav|data\td\F21_07_04.wav|data\td\M22_05_08.wav|data\td\F19_05_03.wav|data\td\F22_04_08.wav,merged_td_85,td,-14.874899864196777,19.091772079467773,-21.167997360229492,15.882250785827637,-7.488027095794678,16.189449310302734,-9.105607032775879,13.286070823669434,-5.482070446014404,12.0983247756958,-5.065624237060547,10.627462387084961,-4.68376350402832,9.905460357666016,-6.766210556030273,11.299636840820312,0.2902902662754059,0.317531019449234,0.2822345793247223,0.32472264766693115,0.2669602632522583,0.3103214204311371,0.30260545015335083,0.3304305970668793,0.3247568607330322,0.35169681906700134,0.2709099054336548,0.3200327754020691,0.2537921071052551,0.3131493031978607,0.2375718653202057,0.29398950934410095,0.282367080450058,0.3231504559516907,0.32728543877601624,0.34511318802833557,0.3043704926967621,0.324148952960968,0.30914637446403503,0.3366757929325104,-0.01841922197210462,1.135388489456104e-06,-0.00242502455670263,48.00659557323664,1.4543540154549985e-06,,,,,,,,,,,,,,,,,,,,,,,,,,,,,,,,,,,,,,,,,4000.0,200.0,100.0,200.0,5.0,,,,,,,,,,,
364.4481650910463,135.9195034577072,339.28638158974695,181.8190699939266,1237.340096627667,1055.5210266337403,-0.009428027453998188,45.74406660363136,0.37294604960832184,135.9195034577072,0.7944548120501199,1055.5210266337403,0.37294604960832184,0.054048024117946625,0.054048024117946625,0.1896609600537093,0.16649882510909703,0.6438402148371937,0.022620760615314674,0.2113247811794281,1.4655753799578308,0.6134145898911324,1465.5753799578308,613.4145898911324,2745.249183551053,1298.599572324995,1359.646929609593,398.6823947265117,0.10389351901992802,0.05205067911981448,-300.4927978515625,97.64372253417969,90.66007232666016,36.18724822998047,-10.468486785888672,37.910400390625,2.4224910736083984,31.939199447631836,-39.37245559692383,29.472400665283203,0.05891170725226402,0.054048024117946625,-21.173871994018555,13.41424560546875,59.140201568603516,13.41424560546875,593.0877010897768,167.3378845763995,1684.4006227296318,600.2903469638962,3082.6362221069016,371.64162854194,TD,data\td\M14_09_01.wav|data\td\M22_04_10.wav|data\td\F18_02_09.wav|data\td\M23_01_03.wav|data\td\M19_01_04.wav|data\td\M20_04_01.wav|data\td\F12_09_07.wav|data\td\F12_09_01.wav|data\td\M2_05_08.wav|data\td\M24_01_04.wav|data\td\M10_06_06.wav|data\td\M17_08_08.wav|data\td\F12_05_09.wav|data\td\F25_08_08.wav|data\td\F25_02_06.wav|data\td\M19_03_04.wav|data\td\F14_05_08.wav|data\td\F18_05_04.wav|data\td\F6_03_05.wav|data\td\F3_03_02.wav,merged_td_86,td,-13.300053596496582,18.847604751586914,-19.918743133544922,16.751869201660156,-12.08758544921875,17.06928253173828,-8.482513427734375,14.324305534362793,-6.687104225158691,12.245246887207031,-6.225222587585449,11.829999923706055,-4.2925705909729,11.574875831604004,-6.74122953414917,11.267803192138672,0.3018656373023987,0.32664087414741516,0.30109143257141113,0.3387901484966278,0.27599185705184937,0.30904150009155273,0.27840331196784973,0.32113683223724365,0.25638458132743835,0.31902962923049927,0.22815708816051483,0.29796773195266724,0.21991704404354095,0.28178730607032776,0.24010427296161652,0.3084171712398529,0.2644268870353699,0.31939101219177246,0.29565179347991943,0.33099451661109924,0.3209822475910187,0.33646413683891296,0.3342158794403076,0.35320305824279785,0.03415926613209647,-9.57849984642307e-06,0.0001867523648288947,65.0948859941425,-2.5570208672040166e-06,,,,,,,,,,,,,,,,,,,,,,,,,,,,,,,,,,,,,,,,,4000.0,200.0,100.0,200.0,5.0,,,,,,,,,,,
361.4102656424781,96.20097963134107,349.2282314330038,217.47308447763714,1195.1917505680426,977.7186660904055,0.12239065253469122,34.83807911715958,0.2661822000554545,96.20097963134107,0.7819248200479872,977.7186660904055,0.2661822000554545,0.04940539225935936,0.04940539225935936,0.19167803547066847,0.16950886766712142,0.6388130968622101,0.02409649023188106,0.2151258885860443,1.5578837503870109,0.61193455329849,1557.8837503870109,611.93455329849,2960.408474406825,1245.7305301296656,1395.5529604107862,394.0308062108744,0.11130911965142629,0.05038279384102451,-291.05194091796875,92.37738037109375,91.70629119873047,34.34752655029297,-12.905674934387207,35.9804801940918,6.028378963470459,34.99993896484375,-41.04412841796875,32.02678298950195,0.05748087912797928,0.04940539225935936,-19.572484970092773,12.427422523498535,55.99303436279297,12.427422523498535,580.4670472236637,156.95657378916513,1728.6974571873377,652.7853210471084,3101.152049818371,429.8713086057591,TD,data\td\F17_01_03.wav|data\td\M1_10_07.wav|data\td\F20_03_01.wav|data\td\F16_10_07.wav|data\td\M15_05_07.wav|data\td\F17_04_05.wav|data\td\F21_05_02.wav|data\td\M11_09_02.wav|data\td\F1_10_06.wav|data\td\F9_06_08.wav|data\td\M19_09_01.wav|data\td\F21_09_02.wav|data\td\F2_07_03.wav|data\td\M25_01_02.wav|data\td\M1_05_01.wav|data\td\M3_01_09.wav|data\td\F3_06_05.wav|data\td\F3_02_09.wav|data\td\F9_09_04.wav|data\td\F8_02_05.wav,merged_td_87,td,-11.156970977783203,20.098770141601562,-18.389938354492188,17.398216247558594,-10.317094802856445,18.278154373168945,-8.190092086791992,13.467748641967773,-5.551224231719971,12.771405220031738,-4.204419136047363,12.206241607666016,-4.7121453285217285,10.82575511932373,-7.1469807624816895,11.149539947509766,0.31846338510513306,0.32856154441833496,0.3184252977371216,0.3368176221847534,0.2998712658882141,0.32035353779792786,0.297610342502594,0.3403157889842987,0.24863550066947937,0.3149910867214203,0.2160232812166214,0.28330400586128235,0.2321511209011078,0.29309797286987305,0.27510273456573486,0.3225623369216919,0.30515363812446594,0.33803409337997437,0.2880469858646393,0.32330843806266785,0.28385379910469055,0.31480109691619873,0.311131089925766,0.3321690559387207,0.003638509149969459,-2.246770982405023e-05,0.0029983158742842896,48.755015096549215,3.076865105143334e-06,,,,,,,,,,,,,,,,,,,,,,,,,,,,,,,,,,,,,,,,,4000.0,200.0,100.0,200.0,5.0,,,,,,,,,,,
377.0868749267196,122.57035926840727,351.2512899969259,186.06888929891866,1388.867299316009,1202.7984100170902,0.012994786166661635,42.82944549555325,0.32504541371859397,122.57035926840727,0.7488921713441654,1202.7984100170902,0.32504541371859397,0.04655754193663597,0.04655754193663597,0.23204419889502761,0.20126282557221783,0.5666929755327546,0.029883810529295753,0.21246187388896942,1.5516552406734458,0.6181013322007672,1551.6552406734459,618.1013322007673,2934.504246676514,1257.06306799609,1415.3441598131528,378.864873298282,0.11111708941100443,0.05207748614749909,-295.263916015625,96.34227752685547,89.07213592529297,35.63401412963867,-11.914962768554688,38.984615325927734,3.7884223461151123,32.009971618652344,-39.085533142089844,30.351896286010742,0.05280742049217224,0.04655754193663597,-22.847850799560547,12.976598739624023,62.1328125,12.976598739624023,584.1456219871934,171.9952396975624,1692.7606302611703,648.9815331632916,3086.4033383696674,393.14778059017783,TD,data\td\F16_01_01.wav|data\td\M14_07_06.wav|data\td\F19_03_02.wav|data\td\F9_10_02.wav|data\td\F19_06_05.wav|data\td\M12_03_08.wav|data\td\F19_02_05.wav|data\td\M10_02_02.wav|data\td\M23_03_09.wav|data\td\F15_09_07.wav|data\td\F2_06_05.wav|data\td\F21_05_01.wav|data\td\F16_01_03.wav|data\td\F11_10_04.wav|data\td\M20_07_10.wav|data\td\F9_01_01.wav|data\td\F2_07_08.wav|data\td\M22_03_10.wav|data\td\M24_07_06.wav|data\td\M11_07_06.wav,merged_td_88,td,-11.177610397338867,19.343589782714844,-20.67612075805664,17.552705764770508,-8.050538063049316,15.999184608459473,-9.745595932006836,13.22954273223877,-5.189242362976074,12.583128929138184,-6.567556858062744,11.277899742126465,-5.928460597991943,10.957964897155762,-6.055228233337402,11.74751091003418,0.31273841857910156,0.33097532391548157,0.3020424544811249,0.3302263021469116,0.26966992020606995,0.30613642930984497,0.28223228454589844,0.32653307914733887,0.3023780882358551,0.3323037624359131,0.2861618101596832,0.32822954654693604,0.2622499167919159,0.31071436405181885,0.26970160007476807,0.310474157333374,0.2994967997074127,0.32519155740737915,0.338057279586792,0.34603849053382874,0.3245396316051483,0.3327038884162903,0.3069351017475128,0.31769368052482605,0.007838449221921296,-3.105375472332519e-05,0.007048282370775292,59.73946424522062,3.3583308828853507e-06,,,,,,,,,,,,,,,,,,,,,,,,,,,,,,,,,,,,,,,,,4000.0,200.0,100.0,200.0,5.0,,,,,,,,,,,
347.8345966321778,85.81085773724544,341.2518476034216,112.57112811964524,1052.5645871289155,939.9934590092703,0.0006372654908677321,37.20549920659324,0.24670018039633718,85.81085773724544,0.7899226872833911,939.9934590092703,0.24670018039633718,0.04764711111783981,0.04764711111783981,0.18028359216745443,0.1772451046590142,0.6424713031735314,0.02731371137007969,0.22515621781349182,1.614848417066408,0.6767517039743748,1614.8484170664078,676.7517039743748,3052.3131331644895,1330.6553671596848,1437.0761537650972,394.8280100665562,0.1142225354488803,0.055614791343464136,-296.525146484375,95.47587585449219,85.67352294921875,34.524925231933594,-10.510847091674805,37.22125244140625,6.187564373016357,34.376094818115234,-38.65448760986328,31.233211517333984,0.05135582014918327,0.04764711111783981,-22.66442108154297,12.818370819091797,66.47628021240234,12.818370819091797,599.3565127140633,168.06430226005324,1730.1504929942919,605.4978380336996,3084.3798650752474,376.12981323673387,TD,data\td\F24_04_10.wav|data\td\F7_08_07.wav|data\td\M11_08_09.wav|data\td\F20_07_09.wav|data\td\M22_01_05.wav|data\td\F25_08_10.wav|data\td\F13_03_04.wav|data\td\M20_05_10.wav|data\td\F19_09_06.wav|data\td\F25_09_04.wav|data\td\F2_02_07.wav|data\td\F23_07_04.wav|data\td\M20_02_03.wav|data\td\M24_10_08.wav|data\td\M17_04_09.wav|data\td\F17_03_10.wav|data\td\M18_04_09.wav|data\td\F4_10_06.wav|data\td\M12_01_05.wav|data\td\M18_08_09.wav,merged_td_89,td,-9.546677589416504,18.029088973999023,-20.432689666748047,17.498119354248047,-8.212431907653809,17.090713500976562,-9.669159889221191,14.034266471862793,-5.324583053588867,11.828058242797852,-5.45731782913208,11.913766860961914,-6.767002105712891,11.285713195800781,-5.751499652862549,10.373504638671875,0.36121535301208496,0.3472311496734619,0.31926900148391724,0.33585646748542786,0.2970949709415436,0.32809722423553467,0.28463393449783325,0.3285384774208069,0.2789803445339203,0.32452452182769775,0.26915308833122253,0.3170693516731262,0.2421075403690338,0.2973651885986328,0.2267201840877533,0.28953421115875244,0.21390695869922638,0.2739023268222809,0.26252463459968567,0.30955949425697327,0.342441201210022,0.34722480177879333,0.3613245487213135,0.3374805748462677,-0.00934720340114595,-7.803467740942605e-06,-0.002572165866005784,52.93385257509431,-6.107480937394019e-06,,,,,,,,,,,,,,,,,,,,,,,,,,,,,,,,,,,,,,,,,4000.0,200.0,100.0,200.0,5.0,,,,,,,,,,,
362.2119545258565,81.19721427732874,347.21682482900223,231.73942791006385,1188.3079526280073,956.5685247179435,-0.1020521710741285,32.092336532506025,0.2241704429209624,81.19721427732874,0.808850973073847,956.5685247179435,0.2241704429209624,0.057364463806152344,0.057364463806152344,0.18133860863831192,0.18595450049455983,0.6327068908671283,0.024272442868866397,0.22199508547782898,1.6368369537909402,0.6805698759897448,1636.8369537909402,680.5698759897448,3015.7603805651825,1240.4761959627401,1390.3352620566943,375.29227923001764,0.12091944752232738,0.06740940559770946,-280.8233947753906,87.93843841552734,75.57488250732422,33.06877136230469,-8.930633544921875,34.81120300292969,7.944570064544678,35.0776481628418,-39.37029266357422,29.995742797851562,0.05841509997844696,0.057364463806152344,-24.180713653564453,12.40018081665039,68.5499267578125,12.40018081665039,594.1255838090296,167.31387953115345,1820.6953814218996,648.3352608404134,3021.774779449922,374.2165499496576,TD,data\td\M15_06_03.wav|data\td\F22_06_10.wav|data\td\M16_08_07.wav|data\td\F25_10_04.wav|data\td\M13_10_04.wav|data\td\M18_10_03.wav|data\td\F7_05_09.wav|data\td\F17_03_07.wav|data\td\M22_06_01.wav|data\td\F13_06_01.wav|data\td\F3_01_06.wav|data\td\M10_10_09.wav|data\td\F11_07_01.wav|data\td\M16_08_09.wav|data\td\F3_08_07.wav|data\td\F9_06_06.wav|data\td\M10_02_05.wav|data\td\M16_09_10.wav|data\td\M19_09_09.wav|data\td\F12_10_05.wav,merged_td_90,td,-13.530279159545898,19.42568016052246,-15.078505516052246,15.793725967407227,-11.887065887451172,15.950968742370605,-10.137203216552734,13.55820369720459,-4.463786602020264,10.31489086151123,-5.796780109405518,10.945284843444824,-7.791191101074219,10.368547439575195,-3.501593589782715,11.198081970214844,0.33867567777633667,0.34715408086776733,0.31272926926612854,0.34185144305229187,0.2575230896472931,0.3076571226119995,0.22906941175460815,0.28575411438941956,0.23143059015274048,0.2945713400840759,0.22656472027301788,0.2857142388820648,0.22356821596622467,0.2792872488498688,0.23745223879814148,0.2867988348007202,0.30338889360427856,0.34169238805770874,0.32316499948501587,0.3453187644481659,0.33582839369773865,0.34441760182380676,0.3476117253303528,0.34763604402542114,0.015771364620326737,2.9981980291489567e-05,-0.0026438275029565007,45.768656792948875,1.4052985349593117e-06,,,,,,,,,,,,,,,,,,,,,,,,,,,,,,,,,,,,,,,,,4000.0,200.0,100.0,200.0,5.0,,,,,,,,,,,
365.88292541719176,128.305391211776,337.3322358273121,124.18608452867444,1437.8455988521675,1313.659514323493,0.018426710111113086,44.359929939505626,0.35067335013099604,128.305391211776,0.805385230605172,1313.659514323493,0.35067335013099604,0.04996919259428978,0.04996919259428978,0.21490066225165563,0.18443708609271522,0.6006622516556291,0.028829529775720175,0.20744389295578003,1.552230998367529,0.6056269130352433,1552.230998367529,605.6269130352433,2981.529925353239,1209.1547645563867,1388.6707484611686,367.80759575178797,0.10991118514229539,0.05633790408019921,-281.2421875,85.33378601074219,86.82723999023438,32.31977462768555,-9.787817001342773,34.586509704589844,7.7909088134765625,32.01165771484375,-41.33839797973633,32.146305084228516,0.05622170865535736,0.04996919259428978,-21.841171264648438,11.218624114990234,68.30854797363281,11.218624114990234,584.9507005708356,161.15066447594685,1749.330565646082,672.9490216263124,3050.503373118838,409.66614836806383,TD,data\td\M21_10_10.wav|data\td\M25_08_05.wav|data\td\M13_06_03.wav|data\td\F8_08_07.wav|data\td\F25_07_01.wav|data\td\F22_01_08.wav|data\td\M22_10_04.wav|data\td\F3_04_08.wav|data\td\M10_01.wav|data\td\M14_07_07.wav|data\td\F19_07_04.wav|data\td\M11_02_03.wav|data\td\F15_05_04.wav|data\td\F5_01_01.wav|data\td\M2_08_05.wav|data\td\M17_06_04.wav|data\td\M13_09_08.wav|data\td\F25_02_01.wav|data\td\M1_04_05.wav|data\td\F12_10_06.wav,merged_td_91,td,-12.863347053527832,19.83175277709961,-18.159265518188477,16.838119506835938,-11.171525955200195,16.242992401123047,-9.579595565795898,14.138046264648438,-3.8411648273468018,12.032600402832031,-4.133967876434326,12.083695411682129,-4.204483509063721,12.104766845703125,-3.5194032192230225,11.939842224121094,0.3025156557559967,0.33986106514930725,0.2724079191684723,0.3202446401119232,0.25774630904197693,0.30963456630706787,0.25396543741226196,0.3151613771915436,0.21961930394172668,0.28529807925224304,0.21622785925865173,0.2860587239265442,0.22905506193637848,0.29749009013175964,0.2768314480781555,0.3280242383480072,0.29391220211982727,0.33789217472076416,0.28683438897132874,0.322446346282959,0.29689329862594604,0.3301539123058319,0.30371740460395813,0.3344164192676544,0.03687248587240195,-1.0492768429119076e-05,-0.015002517012274928,62.167955069902774,4.1968073938161825e-06,,,,,,,,,,,,,,,,,,,,,,,,,,,,,,,,,,,,,,,,,4000.0,200.0,100.0,200.0,5.0,,,,,,,,,,,
354.944323194752,89.07222663921205,335.38934511626763,226.44649206156825,1022.6001165228989,796.1536244613307,-0.012814217937498028,31.34984035582643,0.2509470382213709,89.07222663921205,0.7899226872833911,796.1536244613307,0.2509470382213709,0.04849300906062126,0.04849300906062126,0.17792032410533423,0.17454422687373397,0.6475354490209319,0.021823611809198618,0.20507784187793732,1.5854901231298175,0.6819959344619467,1585.4901231298174,681.9959344619467,2985.03315782458,1338.1188137925428,1420.6778986488991,401.49867290233834,0.11312777530158624,0.06163251639671163,-283.6924743652344,92.24578857421875,83.5395736694336,34.932640075683594,-7.884191989898682,34.73906707763672,-0.25189313292503357,31.42774200439453,-36.87285232543945,28.41610336303711,0.0564778670668602,0.04849300906062126,-22.98213768005371,12.988600730895996,73.76614379882812,12.988600730895996,596.2428645563051,161.9243297054835,1670.0363258951738,608.8661382462016,3077.446808510638,424.45547295318624,TD,data\td\M10_06_02.wav|data\td\F9_07_10.wav|data\td\F21_02_09.wav|data\td\F12_08_01.wav|data\td\F22_07_06.wav|data\td\M17_05_10.wav|data\td\M11_03_06.wav|data\td\M19_09_10.wav|data\td\M21_09_10.wav|data\td\F7_08_09.wav|data\td\F2_08_03.wav|data\td\M22_04_09.wav|data\td\F17_09_01.wav|data\td\M13_06_06.wav|data\td\F4_09_04.wav|data\td\F1_10_01.wav|data\td\M12_07_02.wav|data\td\M13_07_03.wav|data\td\F19_04_06.wav|data\td\F2_01_09.wav,merged_td_92,td,-11.35412883758545,20.543014526367188,-21.380094528198242,17.23082160949707,-8.660073280334473,17.027385711669922,-9.709836959838867,13.600676536560059,-4.8683762550354,11.715728759765625,-6.575778961181641,10.870223999023438,-6.026218414306641,10.22713851928711,-6.971474647521973,10.191136360168457,0.2910740375518799,0.31788966059684753,0.2982141077518463,0.3366257846355438,0.27566638588905334,0.31928104162216187,0.272963285446167,0.32352614402770996,0.2802491784095764,0.3230627775192261,0.2658267915248871,0.31776902079582214,0.23323073983192444,0.29931145906448364,0.23838314414024353,0.30593621730804443,0.27726221084594727,0.3216044008731842,0.31147223711013794,0.3375491201877594,0.3168083131313324,0.34062743186950684,0.3129745423793793,0.34003010392189026,-0.02211662797827311,2.5230186879204668e-05,0.002923680985124682,43.75821766703145,7.490001120408175e-07,,,,,,,,,,,,,,,,,,,,,,,,,,,,,,,,,,,,,,,,,4000.0,200.0,100.0,200.0,5.0,,,,,,,,,,,
356.0900369226373,92.5072159375524,335.38934511626763,106.86851352689665,959.6468047454267,852.7782912185301,0.013729446744148808,38.990565476126505,0.25978602697511066,92.5072159375524,0.7783505154639175,852.7782912185301,0.25978602697511066,0.050288088619709015,0.050288088619709015,0.16820022083179978,0.17261685682738315,0.6591829223408171,0.025622853182192918,0.2136581540107727,1.6062259582402065,0.6653481070067514,1606.2259582402066,665.3481070067514,2977.7079753722796,1272.1761532976368,1406.0683721225205,386.4000776031225,0.11729600694444445,0.059416551123918714,-288.24945068359375,99.85077667236328,82.69413757324219,35.31178283691406,-12.297412872314453,35.73215866088867,5.21938419342041,31.22241973876953,-37.921875,29.86779022216797,0.05622055381536484,0.050288088619709015,-21.78257942199707,13.42532730102539,63.592864990234375,13.42532730102539,586.8822299651567,156.0400108944475,1725.8146341463414,626.212943797762,3058.7094076655053,409.24028930668857,TD,data\td\M21_04_10.wav|data\td\F8_09_03.wav|data\td\F17_06_03.wav|data\td\M19_05_09.wav|data\td\M1_01_05.wav|data\td\M14_05_04.wav|data\td\M22_03_05.wav|data\td\F14_08_02.wav|data\td\F18_01_06.wav|data\td\F16_10_02.wav|data\td\F23_10_01.wav|data\td\F25_10_06.wav|data\td\F14_02_10.wav|data\td\M15_03_10.wav|data\td\M22_02_03.wav|data\td\M15_04_09.wav|data\td\F22_09_03.wav|data\td\M17_03_02.wav|data\td\F6_01_09.wav|data\td\F1_07_01.wav,merged_td_93,td,-13.324278831481934,19.25695037841797,-19.155330657958984,16.792648315429688,-8.278491020202637,16.12612533569336,-11.952194213867188,13.967032432556152,-4.283953666687012,11.695205688476562,-5.712337017059326,10.622814178466797,-5.425036430358887,10.093558311462402,-5.667531490325928,10.988061904907227,0.3465025722980499,0.3381445109844208,0.31008851528167725,0.3326641321182251,0.27649447321891785,0.3130449652671814,0.28544628620147705,0.3243711292743683,0.2843921184539795,0.32439035177230835,0.2540949583053589,0.2996619939804077,0.2507841885089874,0.2995673418045044,0.23461218178272247,0.29096004366874695,0.2650774121284485,0.3173208236694336,0.2949228882789612,0.33356204628944397,0.3258766829967499,0.3319801688194275,0.3892446756362915,0.3679456412792206,0.011426317360573002,8.025008936241577e-06,-0.002629511652746876,54.811658133048766,1.2475561121788084e-06,,,,,,,,,,,,,,,,,,,,,,,,,,,,,,,,,,,,,,,,,4000.0,200.0,100.0,200.0,5.0,,,,,,,,,,,
367.7514841742242,140.50560056613068,331.5370699244067,159.19961611844158,1864.6550460723593,1705.4554299539177,-0.3174857720835582,49.08927727436881,0.3820667124746815,140.50560056613068,0.855505198613703,1705.4554299539177,0.3820667124746815,0.04946925863623619,0.04946925863623619,0.20168329177057356,0.16988778054862844,0.628428927680798,0.02637548041451366,0.21201659739017487,1.5594426022393464,0.6500930008956282,1559.4426022393463,650.0930008956282,2949.207294721408,1245.817774163395,1383.1618334495258,378.06896582089365,0.11155670987736603,0.06122587242253093,-293.47015380859375,87.1961441040039,85.44589233398438,36.31354522705078,-11.648347854614258,35.792816162109375,7.9192399978637695,32.49949264526367,-42.55424118041992,28.85245704650879,0.05697805806994438,0.04946925863623619,-21.80611801147461,11.53541088104248,68.43181610107422,11.53541088104248,571.3751946030098,152.74862116336854,1777.810067462377,609.6785409719076,3072.672548002076,396.7488910868237,TD,data\td\M2_10_09.wav|data\td\M2_03_01.wav|data\td\F22_06_09.wav|data\td\M22_06_04.wav|data\td\M23_04_05.wav|data\td\M11_07_03.wav|data\td\M12_01_01.wav|data\td\F3_03_07.wav|data\td\M16_03_06.wav|data\td\M24_09_04.wav|data\td\M10_01_04.wav|data\td\F15_10_01.wav|data\td\M14_10_06.wav|data\td\M22_05_07.wav|data\td\F13_06_04.wav|data\td\M22_03_03.wav|data\td\F6_08_07.wav|data\td\M2_01_02.wav|data\td\M13_03_09.wav|data\td\M20_07_05.wav,merged_td_94,td,-15.370213508605957,20.102806091308594,-22.624053955078125,16.576757431030273,-10.463164329528809,16.454591751098633,-10.47650146484375,15.113433837890625,-5.8974175453186035,12.22913646697998,-5.2444353103637695,12.855486869812012,-6.645790100097656,11.745718002319336,-5.2517170906066895,12.24386978149414,0.2565370202064514,0.31315934658050537,0.2253160923719406,0.2997356057167053,0.22679990530014038,0.30720266699790955,0.2552643120288849,0.3210115432739258,0.26342231035232544,0.32319915294647217,0.22190222144126892,0.29810166358947754,0.19075655937194824,0.27631253004074097,0.19861789047718048,0.2820289134979248,0.2522253692150116,0.31521081924438477,0.33043479919433594,0.3580677807331085,0.3413487374782562,0.35537177324295044,0.30832746624946594,0.3430992662906647,0.01857554358184081,4.2657065528361066e-05,0.001126414434742418,66.5759779247391,7.340932065027919e-07,,,,,,,,,,,,,,,,,,,,,,,,,,,,,,,,,,,,,,,,,4000.0,200.0,100.0,200.0,5.0,,,,,,,,,,,
391.32690050125296,144.52533927255223,355.3326333920185,211.28204791122093,1174.6590716696305,963.3770237584096,0.1675424555485047,51.97620640407259,0.36932124800883576,144.52533927255223,0.751266328978939,963.3770237584096,0.36932124800883576,0.044661153107881546,0.044661153107881546,0.22293219737309194,0.18281860134895278,0.5942492012779552,0.03251237667190045,0.21521227061748505,1.6085170589000304,0.761972602314349,1608.5170589000304,761.972602314349,2986.718125166622,1354.3518238535826,1404.053093614656,393.33584981317387,0.12369878449080245,0.08005316975181737,-304.3756408691406,86.11886596679688,89.99242401123047,36.023216247558594,-9.789167404174805,35.68382263183594,5.211029052734375,33.5876350402832,-38.1242561340332,32.596649169921875,0.050867702811956406,0.044661153107881546,-21.776451110839844,12.081284523010254,52.56731414794922,12.081284523010254,584.0373637778931,157.0810256355192,1798.6092371562015,688.6192808929155,3110.5345096004153,428.52934061829313,TD,data\td\M1_04_04.wav|data\td\F9_01_04.wav|data\td\M14_10_07.wav|data\td\M15_03_05.wav|data\td\F24_04_01.wav|data\td\F24_09_09.wav|data\td\F13_09_09.wav|data\td\F2_09_02.wav|data\td\M14_08_04.wav|data\td\F17_03_05.wav|data\td\F7_08_10.wav|data\td\M17_05_06.wav|data\td\F17_02_07.wav|data\td\M1_04_01.wav|data\td\F9_08_08.wav|data\td\M10_08.wav|data\td\F5_03_09.wav|data\td\F7_03_03.wav|data\td\M25_09_04.wav|data\td\M12_09_09.wav,merged_td_95,td,-11.201431274414062,20.09450340270996,-21.176246643066406,16.309961318969727,-7.147604465484619,17.9907169342041,-11.023641586303711,13.365224838256836,-4.551656723022461,13.212145805358887,-4.779577732086182,10.978466987609863,-6.453288555145264,10.121935844421387,-4.310563564300537,13.34241008758545,0.34874841570854187,0.3441012501716614,0.3387239873409271,0.34662479162216187,0.30157238245010376,0.32960301637649536,0.2769337296485901,0.3190475404262543,0.2725484371185303,0.33247658610343933,0.2476837933063507,0.3085458278656006,0.22654850780963898,0.2885473370552063,0.25948846340179443,0.31250351667404175,0.27332112193107605,0.32182377576828003,0.2823721468448639,0.3236817419528961,0.3034083843231201,0.33517003059387207,0.32653701305389404,0.33996421098709106,-0.019453262274635084,-2.0933655469304347e-05,-0.0006512232366840752,73.27000553428363,-1.6423682478269173e-07,,,,,,,,,,,,,,,,,,,,,,,,,,,,,,,,,,,,,,,,,4000.0,200.0,100.0,200.0,5.0,,,,,,,,,,,
338.58020624153613,85.08081119572658,323.96475278211557,179.73069985652097,1251.7172960136081,1071.9865961570872,0.011659033530477106,29.183745957578946,0.2512870204084869,85.08081119572658,0.7824580111970141,1071.9865961570872,0.2512870204084869,0.04845300689339638,0.04845300689339638,0.17075664621676892,0.15985003408316292,0.6693933197000682,0.020554769714182023,0.21124504506587982,1.5216802742279603,0.6859194540566262,1521.6802742279604,685.9194540566263,2779.798303785657,1328.100321826207,1357.7878194981772,402.6996312349952,0.11294279858704345,0.0638578443583264,-296.787841796875,88.8882064819336,91.64643096923828,37.378719329833984,-9.601614952087402,35.43513870239258,3.8164663314819336,37.4281005859375,-37.43690490722656,30.13677406311035,0.05573583021759987,0.04845300689339638,-22.139657974243164,12.88938045501709,58.37615203857422,12.88938045501709,581.2558380902958,156.14723342657675,1660.155682407888,635.3720070691052,3078.0280228334204,410.1966884913871,TD,data\td\M16_03_03.wav|data\td\F6_07_02.wav|data\td\F25_05_01.wav|data\td\M25_04_02.wav|data\td\F18_08_09.wav|data\td\F6_04_06.wav|data\td\M23_05_02.wav|data\td\M25_07_03.wav|data\td\M23_03_02.wav|data\td\F16_02_05.wav|data\td\M12_09_10.wav|data\td\F6_08_10.wav|data\td\F6_09_08.wav|data\td\M1_09_08.wav|data\td\F16_04_09.wav|data\td\F8_05_06.wav|data\td\M17_03_01.wav|data\td\F16_09_05.wav|data\td\M12_03_03.wav|data\td\F19_07_05.wav,merged_td_96,td,-12.207497596740723,18.57607078552246,-17.62920379638672,16.339473724365234,-12.089325904846191,16.845260620117188,-9.971583366394043,12.94352912902832,-5.847567558288574,11.561635971069336,-4.227252960205078,11.785927772521973,-6.275806427001953,10.833176612854004,-5.31566858291626,11.336050987243652,0.33079859614372253,0.34809479117393494,0.2998952269554138,0.3393827974796295,0.2375837117433548,0.28324976563453674,0.2564980983734131,0.30702805519104004,0.25809988379478455,0.3034406006336212,0.2271120548248291,0.28989937901496887,0.22442124783992767,0.2848980128765106,0.27119874954223633,0.3196567893028259,0.3032531142234802,0.3167479336261749,0.3699493706226349,0.3550965189933777,0.3508637249469757,0.341033935546875,0.3142898976802826,0.32953256368637085,0.01081211775362927,3.527245622049477e-05,0.0026601236741685863,40.64152745716246,-1.3187794951228517e-07,,,,,,,,,,,,,,,,,,,,,,,,,,,,,,,,,,,,,,,,,4000.0,200.0,100.0,200.0,5.0,,,,,,,,,,,
392.1651532761944,125.10688520806394,365.74467430282664,194.86885420251932,1209.0792097631181,1014.2103555605988,0.05117477715728833,45.09626376490454,0.3190158130137421,125.10688520806394,0.7515329245534524,1014.2103555605988,0.3190158130137421,0.047057636082172394,0.047057636082172394,0.1930447125621008,0.19198012775017742,0.6149751596877218,0.02654388147396327,0.19588182866573334,1.591049023350276,0.648499003607542,1591.049023350276,648.499003607542,2927.354788723007,1273.2764424141844,1382.8320674615409,374.20514561429627,0.1169697195331245,0.05980029762864689,-300.9007568359375,97.461669921875,88.75311279296875,40.257755279541016,-17.669227600097656,37.470855712890625,2.2200770378112793,31.3475284576416,-44.408199310302734,33.21080017089844,0.054843273013830185,0.047057636082172394,-20.4044246673584,13.632869720458984,69.81399536132812,13.632869720458984,611.5204981837053,165.73158770288686,1677.675142708874,629.2255868876894,3130.5864037363776,419.79560930034194,TD,data\td\F8_05_05.wav|data\td\F15_01_03.wav|data\td\F14_08_01.wav|data\td\F7_09_04.wav|data\td\F12_10_07.wav|data\td\F19_01_09.wav|data\td\F5_10_02.wav|data\td\M22_10_10.wav|data\td\F15_08_07.wav|data\td\M2_03_06.wav|data\td\F3_02_03.wav|data\td\M18_09_05.wav|data\td\F7_10_10.wav|data\td\F15_01_05.wav|data\td\F9_05_09.wav|data\td\F16_07_04.wav|data\td\M3_06_05.wav|data\td\F17_06_04.wav|data\td\M21_06_01.wav|data\td\F19_06_02.wav,merged_td_97,td,-11.20677375793457,20.90387535095215,-19.655353546142578,17.030912399291992,-6.133466720581055,16.67789649963379,-9.712821960449219,13.771055221557617,-3.6746954917907715,13.481046676635742,-4.760138988494873,12.40339469909668,-4.0963029861450195,10.432971000671387,-7.837991237640381,10.766881942749023,0.3615867495536804,0.3531217575073242,0.37074294686317444,0.35017654299736023,0.3249373137950897,0.3317444324493408,0.2827482223510742,0.3266497552394867,0.24669381976127625,0.30476272106170654,0.2380402535200119,0.3075118660926819,0.26254960894584656,0.322330504655838,0.2651331126689911,0.31586527824401855,0.24575835466384888,0.3041665256023407,0.24625281989574432,0.3081299960613251,0.24713946878910065,0.30257365107536316,0.2957404851913452,0.32404112815856934,-0.004366486462062116,-8.795148649194583e-06,0.0012534791218963748,62.41442210222772,-2.3950653282203715e-06,,,,,,,,,,,,,,,,,,,,,,,,,,,,,,,,,,,,,,,,,4000.0,200.0,100.0,200.0,5.0,,,,,,,,,,,
371.7494526335463,113.71762235926889,345.2170030745703,188.23090565017245,1102.3447059892326,914.1138003390602,0.0019536085923540164,40.09656761617744,0.3058985603170922,113.71762235926889,0.8189816049053585,914.1138003390602,0.3058985603170922,0.04859638214111328,0.04859638214111328,0.1986323673070661,0.1774666232497558,0.6239010094431782,0.027081366131124926,0.20925785601139069,1.5987267402484064,0.6330912648119189,1598.7267402484065,633.0912648119189,2993.6246167688614,1283.53685000846,1396.9104984615537,402.2624574634626,0.11385804931185017,0.05421246770647295,-289.9438781738281,95.86190032958984,86.54706573486328,34.53962707519531,-19.107179641723633,39.25475311279297,4.862436771392822,36.59178161621094,-41.2549934387207,29.617197036743164,0.05648534372448921,0.04859638214111328,-20.33671760559082,11.834014892578125,56.78563690185547,11.834014892578125,598.7337830825118,170.97782422442455,1781.8785677218477,619.2305541641447,3051.5412558380904,368.746292055698,TD,data\td\M22_10_01.wav|data\td\F15_06_02.wav|data\td\M24_07_02.wav|data\td\F7_10_04.wav|data\td\F13_08_08.wav|data\td\M20_10_04.wav|data\td\F18_06_06.wav|data\td\F2_08_04.wav|data\td\M10_08_03.wav|data\td\F16_09_03.wav|data\td\F21_10_08.wav|data\td\F6_05_04.wav|data\td\F13_08_09.wav|data\td\M11_10_01.wav|data\td\M21_04_02.wav|data\td\F21_02_08.wav|data\td\F12_06_10.wav|data\td\F8_03_05.wav|data\td\F24_03_05.wav|data\td\F14_10_01.wav,merged_td_98,td,-13.436002731323242,22.884096145629883,-21.64590835571289,18.171598434448242,-9.117886543273926,17.00996208190918,-10.59318733215332,16.197256088256836,-4.485874652862549,12.878461837768555,-6.8158278465271,11.473868370056152,-6.426252841949463,11.974079132080078,-5.778738021850586,12.259766578674316,0.2976108193397522,0.3298230469226837,0.2794854938983917,0.33253926038742065,0.25243279337882996,0.30831000208854675,0.2599043846130371,0.32111263275146484,0.2870728373527527,0.33151355385780334,0.28711506724357605,0.327860951423645,0.24835795164108276,0.3088292181491852,0.22073060274124146,0.2874395549297333,0.2106960564851761,0.27924004197120667,0.2590210735797882,0.313363254070282,0.3093678951263428,0.33790960907936096,0.3148193657398224,0.3438166677951813,0.0194630131805335,-1.562534706788582e-05,0.013996841566484002,55.721932501794356,2.360488974448283e-06,,,,,,,,,,,,,,,,,,,,,,,,,,,,,,,,,,,,,,,,,4000.0,200.0,100.0,200.0,5.0,,,,,,,,,,,
425.1542579452163,154.79285650666483,387.49298438230534,225.1422562392905,2010.0649171869575,1784.922660947667,0.16092068276106877,59.13943310809393,0.3640863371680282,154.79285650666483,0.7454012263396428,1784.922660947667,0.3640863371680282,0.0454854890704155,0.0454854890704155,0.2919499105545617,0.2107334525939177,0.49731663685152055,0.03549777085455836,0.20929236710071564,1.5665728554974145,0.6398509907597852,1566.5728554974146,639.8509907597852,2963.9554452146094,1293.665666728136,1405.9457715760466,401.76834022052117,0.11594108758497734,0.0627902505278562,-302.8394775390625,103.55693054199219,86.726806640625,39.31403732299805,-12.301480293273926,37.48484802246094,2.826922655105591,32.96724319458008,-38.7209358215332,31.187393188476562,0.05186587572097778,0.0454854890704155,-21.086774826049805,15.051633834838867,77.0801773071289,15.051633834838867,583.9543331603529,161.84324477961977,1690.7939802802284,654.5954729853892,3084.8365334717178,390.448413326827,TD,data\td\F7_04_03.wav|data\td\M24_02_09.wav|data\td\F3_02_06.wav|data\td\F18_05_05.wav|data\td\F6_03_04.wav|data\td\M19_03_01.wav|data\td\F11_10_07.wav|data\td\F17_08_09.wav|data\td\M19_03_10.wav|data\td\F13_03_02.wav|data\td\F15_02_05.wav|data\td\F18_04_02.wav|data\td\M14_03_02.wav|data\td\F9_02_04.wav|data\td\F19_05_09.wav|data\td\M1_09_01.wav|data\td\M11_05_01.wav|data\td\M17_02_09.wav|data\td\F4_04_05.wav|data\td\F9_07_09.wav,merged_td_99,td,-10.276419639587402,19.8530216217041,-20.45611572265625,16.565597534179688,-9.392897605895996,17.1032772064209,-10.622721672058105,13.120916366577148,-3.0943715572357178,12.64433479309082,-5.563511371612549,10.837242126464844,-4.581104755401611,10.324271202087402,-5.804495811462402,12.653681755065918,0.3612866699695587,0.34034284949302673,0.362902969121933,0.34487348794937134,0.3331582844257355,0.33951428532600403,0.2981453537940979,0.3327317535877228,0.2634252607822418,0.3182050883769989,0.25277769565582275,0.31597280502319336,0.23896293342113495,0.3011980354785919,0.2531287968158722,0.3110063672065735,0.2573627531528473,0.3118771016597748,0.2485111951828003,0.3056866526603699,0.2700487971305847,0.31824809312820435,0.3169829249382019,0.3321197032928467,-0.001299687408794973,-2.665120566838527e-05,-0.005038052418454735,82.0168467822014,-1.4644138325992363e-06,,,,,,,,,,,,,,,,,,,,,,,,,,,,,,,,,,,,,,,,,4000.0,200.0,100.0,200.0,5.0,,,,,,,,,,,
373.382574000729,87.46792559313492,353.2860680198856,235.7901617579845,926.9577116402556,691.1675498822711,0.031266195508054366,29.706098378891777,0.23425818900954962,87.46792559313492,0.8093841642228738,691.1675498822711,0.23425818900954962,0.0621870756149292,0.0621870756149292,0.20790774299835255,0.1812191103789127,0.6108731466227347,0.02384962131943737,0.20752157270908356,1.513759278774637,0.6738902581942701,1513.759278774637,673.89025819427,2829.6183517728605,1370.2713472178284,1384.4948288097773,408.9979667163048,0.10810033990935751,0.05625328074632444,-281.99017333984375,98.393798828125,85.09967803955078,36.42185592651367,-6.042148113250732,34.1661491394043,-0.026280231773853302,30.851701736450195,-36.25165939331055,28.046722412109375,0.06289347261190414,0.0621870756149292,-23.706401824951172,13.200854301452637,72.76773834228516,13.200854301452637,586.8188894654904,150.52802340926596,1803.2174364296834,644.5212831857026,3067.0264660093408,422.4631090494433,TD,data\td\M16_04_06.wav|data\td\F18_07_10.wav|data\td\M19_05_06.wav|data\td\F19_08_01.wav|data\td\F11_09_09.wav|data\td\M23_07_01.wav|data\td\M3_04_03.wav|data\td\F22_03_03.wav|data\td\F1_06_02.wav|data\td\M18_06_04.wav|data\td\M17_01_07.wav|data\td\F15_07_02.wav|data\td\M15_10_01.wav|data\td\F25_01_08.wav|data\td\F21_06_10.wav|data\td\M15_08_06.wav|data\td\F12_03_07.wav|data\td\M22_06_06.wav|data\td\M24_06_06.wav|data\td\M18_02_09.wav,merged_td_100,td,-13.472824096679688,19.463624954223633,-21.617456436157227,16.911039352416992,-9.99876594543457,15.507412910461426,-10.18061637878418,12.680182456970215,-4.3744330406188965,11.297504425048828,-5.606685161590576,10.552374839782715,-5.484511375427246,10.237881660461426,-4.986189842224121,11.630282402038574,0.3296498656272888,0.3389018177986145,0.291449636220932,0.32754015922546387,0.24607884883880615,0.30541056394577026,0.23583516478538513,0.30231231451034546,0.2621186077594757,0.33307862281799316,0.23194096982479095,0.2942841351032257,0.22268247604370117,0.2896343469619751,0.21903488039970398,0.2874470353126526,0.24726857244968414,0.3081012964248657,0.3140445053577423,0.35523152351379395,0.32286912202835083,0.33337631821632385,0.3649548292160034,0.35905522108078003,-0.00846079801530591,5.873684777340174e-06,-0.000517148433472608,41.44498799022721,5.406041016867019e-06,,,,,,,,,,,,,,,,,,,,,,,,,,,,,,,,,,,,,,,,,4000.0,200.0,100.0,200.0,5.0,,,,,,,,,,,
375.4711117701714,138.95712964192734,355.3326333920185,96.31529725464738,1258.9684205430274,1162.65312328838,-0.027287293337744722,43.28446802753826,0.370087405624388,138.95712964192734,0.803399433427762,1162.65312328838,0.370087405624388,0.054199714213609695,0.054199714213609695,0.2052910052910053,0.20952380952380953,0.5851851851851851,0.026798700959738294,0.1948627084493637,1.591036426885093,0.5984781588120557,1591.0364268850929,598.4781588120557,3002.354815864023,1222.1382917414342,1422.8949878044484,371.5852740508694,0.11017769011154391,0.04959112862146745,-281.4417724609375,99.4506607055664,77.6815185546875,37.09223175048828,-10.125012397766113,38.78977966308594,4.5064849853515625,32.53447341918945,-41.841712951660156,30.227304458618164,0.05994715541601181,0.054199714213609695,-24.674274444580078,14.410611152648926,77.01789093017578,14.410611152648926,587.0683341394321,169.55731599467646,1716.1003247426247,658.8061592001034,3103.9093484419263,396.63484535464517,TD,data\td\F18_09_04.wav|data\td\F2_06_08.wav|data\td\M25_01_09.wav|data\td\F8_02_03.wav|data\td\F13_10_09.wav|data\td\F3_05_03.wav|data\td\F25_09_10.wav|data\td\M14_09_04.wav|data\td\F16_07_03.wav|data\td\F18_05_01.wav|data\td\F23_02_09.wav|data\td\M22_07_02.wav|data\td\F19_08_06.wav|data\td\M25_10_02.wav|data\td\M15_05_05.wav|data\td\M19_02_01.wav|data\td\F2_07_09.wav|data\td\M12_01_03.wav|data\td\M20_10_08.wav|data\td\M25_09_02.wav,merged_td_101,td,-10.421266555786133,18.716785430908203,-19.045635223388672,18.022321701049805,-12.533535957336426,17.09840202331543,-10.038177490234375,14.341423034667969,-6.588162899017334,12.625492095947266,-5.003296375274658,12.317907333374023,-4.8145060539245605,11.091279983520508,-6.086052417755127,11.673070907592773,0.32623592019081116,0.33600667119026184,0.34143632650375366,0.349849671125412,0.30817344784736633,0.32223230600357056,0.28829777240753174,0.3275142014026642,0.2510434091091156,0.30226072669029236,0.24806681275367737,0.31018951535224915,0.23563097417354584,0.2989855110645294,0.238580584526062,0.2999856770038605,0.2547645568847656,0.30352580547332764,0.29226839542388916,0.33588460087776184,0.3003322184085846,0.33055853843688965,0.31094837188720703,0.3371061086654663,-0.05850866355850711,9.40831067430382e-06,-0.0020448715253723296,59.78146091384941,-5.577241055756015e-06,,,,,,,,,,,,,,,,,,,,,,,,,,,,,,,,,,,,,,,,,4000.0,200.0,100.0,200.0,5.0,,,,,,,,,,,
362.9521280664061,92.25011373064073,345.2170030745703,113.22324603078411,1016.7103732476003,903.4871272168161,-0.01152250897283136,33.4530172394375,0.2541660637784236,92.25011373064073,0.8021860837110104,903.4871272168161,0.2541660637784236,0.05005032569169998,0.05005032569169998,0.17486702127659576,0.16888297872340424,0.65625,0.022202767540299057,0.20130670070648193,1.5850624478931425,0.6390985433719547,1585.0624478931425,639.0985433719547,2966.583910957078,1294.843337834008,1414.5366396949305,391.72986355216085,0.11179505777625967,0.05584576739415411,-280.94097900390625,100.09425354003906,87.7147445678711,36.43600082397461,-15.621126174926758,37.071048736572266,2.3875129222869873,30.3634090423584,-37.60325241088867,29.398576736450195,0.060126617550849915,0.05005032569169998,-20.021379470825195,13.162541389465332,67.04926300048828,13.162541389465332,597.0731707317074,164.5466372591084,1701.3803840166063,613.3977838509834,3107.7529839128183,427.8309099357777,TD,data\td\F25_02_07.wav|data\td\F9_10_04.wav|data\td\M24_08_03.wav|data\td\M3_07_10.wav|data\td\M25_06_01.wav|data\td\F11_08_09.wav|data\td\F8_09_05.wav|data\td\M16_06_10.wav|data\td\F18_05_10.wav|data\td\M3_06_06.wav|data\td\F25_09_06.wav|data\td\M24_08_04.wav|data\td\M3_09_08.wav|data\td\F17_03_09.wav|data\td\F12_07_08.wav|data\td\M12_02_08.wav|data\td\F6_02_01.wav|data\td\F24_03_04.wav|data\td\F23_06_02.wav|data\td\M1_02_03.wav,merged_td_102,td,-11.25204849243164,19.354042053222656,-21.72661781311035,17.665592193603516,-7.039089202880859,15.69488525390625,-11.37580394744873,13.652728080749512,-4.550599098205566,12.853392601013184,-6.070023059844971,10.88290023803711,-5.111061096191406,10.207268714904785,-7.022473335266113,10.452696800231934,0.4122050106525421,0.36430060863494873,0.34373313188552856,0.3441419303417206,0.2621575891971588,0.3088904023170471,0.2010183483362198,0.2699759006500244,0.20167896151542664,0.27872318029403687,0.25586211681365967,0.3205418586730957,0.284221351146698,0.3274553418159485,0.25865209102630615,0.3141160309314728,0.2192946970462799,0.2943364977836609,0.23301804065704346,0.30107685923576355,0.29764464497566223,0.331076979637146,0.381443053483963,0.34274813532829285,-0.009083504892052913,-8.33046289841446e-06,-0.0006424012251348637,46.1477582360338,7.62355481843589e-07,,,,,,,,,,,,,,,,,,,,,,,,,,,,,,,,,,,,,,,,,4000.0,200.0,100.0,200.0,5.0,,,,,,,,,,,
366.86116485118475,120.04318805908864,343.22869944588433,197.13312122062953,1577.0649697650365,1379.9318485444069,-0.002842760001113997,44.522913720109024,0.32721694079498304,120.04318805908864,0.8072513996267662,1379.9318485444069,0.32721694079498304,0.052481431514024734,0.052481431514024734,0.2130822596630327,0.1836802114304592,0.6032375289065081,0.025378019485071557,0.20837078988552094,1.56569402709664,0.597405642927903,1565.69402709664,597.405642927903,2933.351106371634,1223.8490425740995,1375.4557623445364,379.3211911642468,0.11135064503632365,0.050477068871839115,-281.4790954589844,91.1182632446289,84.6322250366211,31.936077117919922,-11.0618896484375,36.144187927246094,5.106167316436768,33.2362060546875,-41.872257232666016,31.252246856689453,0.05640343204140663,0.052481431514024734,-22.885303497314453,12.033226013183594,65.75540924072266,12.033226013183594,573.6585365853659,155.11157204508558,1743.4353918007266,690.6834320442578,3062.5428126621696,397.46944592727476,TD,data\td\M18_05_04.wav|data\td\F9_09_03.wav|data\td\F6_09_09.wav|data\td\F19_07_02.wav|data\td\F2_08_02.wav|data\td\M2_03_03.wav|data\td\F21_03_02.wav|data\td\F8_06_10.wav|data\td\F25_02_10.wav|data\td\M21_05_05.wav|data\td\F9_04_04.wav|data\td\F4_03_09.wav|data\td\F8_03_01.wav|data\td\F14_08_03.wav|data\td\F22_10_08.wav|data\td\M20_01_04.wav|data\td\M17_09_05.wav|data\td\M1_08_08.wav|data\td\M10_02_03.wav|data\td\M25_04_06.wav,merged_td_103,td,-13.333683967590332,18.054790496826172,-16.642620086669922,16.168325424194336,-9.655479431152344,16.354259490966797,-9.486489295959473,14.173399925231934,-3.803035020828247,11.694160461425781,-3.5116043090820312,10.734888076782227,-4.677392959594727,10.652374267578125,-3.5286519527435303,11.539480209350586,0.30574971437454224,0.3394944667816162,0.28775355219841003,0.3380501866340637,0.26256799697875977,0.3179226815700531,0.2824142873287201,0.3261508047580719,0.2830236256122589,0.32793983817100525,0.24570590257644653,0.30495819449424744,0.21831099689006805,0.2901383340358734,0.21485282480716705,0.27851733565330505,0.268613338470459,0.31911662220954895,0.32121893763542175,0.34690117835998535,0.31864991784095764,0.33667340874671936,0.2978576123714447,0.3236315846443176,-0.024377599705864006,-2.557276489409812e-05,-0.0017228647120901678,62.56450958076615,2.431001629189613e-06,,,,,,,,,,,,,,,,,,,,,,,,,,,,,,,,,,,,,,,,,4000.0,200.0,100.0,200.0,5.0,,,,,,,,,,,
370.6529865365266,85.89905378286122,357.39105439674364,202.90956258890662,982.0774855145963,779.1679229256897,0.1664761648964724,34.99961462667389,0.23175060475169312,85.89905378286122,0.7270061316982138,779.1679229256897,0.23175060475169312,0.04992223158478737,0.04992223158478737,0.24101247248716068,0.1966250917094644,0.5623624358033749,0.030557401750032038,0.2162282019853592,1.603471871789309,0.6961957318870564,1603.471871789309,696.1957318870565,2986.9326512929883,1364.4829202686467,1420.5694814571432,407.3066799929873,0.11768189941015729,0.06415056808350675,-290.24639892578125,94.72888946533203,83.61229705810547,34.373531341552734,-9.86142349243164,36.341976165771484,-1.8013001680374146,31.249624252319336,-37.09413146972656,30.693361282348633,0.05429275706410408,0.04992223158478737,-22.536903381347656,13.170619010925293,62.210235595703125,13.170619010925293,597.4883238194085,165.51799051487262,1661.6917488323822,637.1051714527443,3133.0773222625844,441.07367691214364,TD,data\td\F7_06_07.wav|data\td\M19_07_10.wav|data\td\F20_07_08.wav|data\td\F18_02_08.wav|data\td\M25_10_09.wav|data\td\F1_01_05.wav|data\td\F2_08_01.wav|data\td\F4_09_06.wav|data\td\F14_10_04.wav|data\td\M14_05_02.wav|data\td\F6_03_06.wav|data\td\F21_01_09.wav|data\td\M13_07_09.wav|data\td\F23_01_05.wav|data\td\F17_09_07.wav|data\td\F1_03_03.wav|data\td\F14_10_02.wav|data\td\M16_08_03.wav|data\td\F3_08_05.wav|data\td\M11_06_04.wav,merged_td_104,td,-8.995348930358887,18.850080490112305,-18.995342254638672,16.26606559753418,-8.840840339660645,17.37375831604004,-7.910404205322266,13.778275489807129,-4.7555928230285645,12.863252639770508,-4.287736415863037,10.792521476745605,-3.188648223876953,10.639830589294434,-6.870725631713867,12.086031913757324,0.341339647769928,0.3422446846961975,0.3506801724433899,0.33828869462013245,0.3296568691730499,0.33354926109313965,0.3109172284603119,0.32892096042633057,0.3120022416114807,0.33593499660491943,0.3019586503505707,0.3310520052909851,0.27951887249946594,0.3184517025947571,0.2577790915966034,0.30240142345428467,0.24853359162807465,0.2988429367542267,0.2595321834087372,0.30501338839530945,0.2908729016780853,0.3267863094806671,0.30997535586357117,0.3214864730834961,-0.01185117402387062,2.870770824578377e-05,-0.0002559073195327883,48.509848511116566,1.0125130870361962e-06,,,,,,,,,,,,,,,,,,,,,,,,,,,,,,,,,,,,,,,,,4000.0,200.0,100.0,200.0,5.0,,,,,,,,,,,
356.9327683776392,80.08643306786999,341.2518476034216,65.40639132514966,1089.6831971321476,1024.276805806998,0.28632479904124486,30.54676948105985,0.22437400026869367,80.08643306786999,0.8024526792855239,1024.276805806998,0.22437400026869367,0.05215815082192421,0.05215815082192421,0.20604852110335659,0.20106347623795282,0.5928880026586906,0.02807127815876299,0.21360908448696136,1.482546584364003,0.7490295393463959,1482.5465843640031,749.029539346396,2734.7873900293257,1439.2002479571033,1349.5792514253126,450.6237502262469,0.11134934330011997,0.07007110256789342,-295.16900634765625,85.93297576904297,90.98543548583984,37.58510208129883,-6.484181880950928,36.9163818359375,-4.61530876159668,30.48307228088379,-33.975982666015625,26.522855758666992,0.057176489382982254,0.05215815082192421,-22.336803436279297,12.596785545349121,62.83589172363281,12.596785545349121,598.0280228334199,168.75048725176026,1637.8619615983396,608.3907125238775,3078.733783082512,421.0364130203136,TD,data\td\M23_10_02.wav|data\td\F12_09_10.wav|data\td\M17_06_03.wav|data\td\M12_04_08.wav|data\td\F7_03_06.wav|data\td\F25_07_03.wav|data\td\M16_01_03.wav|data\td\M18_03_05.wav|data\td\M18_01_04.wav|data\td\F6_05_08.wav|data\td\F14_01_04.wav|data\td\F2_09_01.wav|data\td\F8_06_07.wav|data\td\M10_03_04.wav|data\td\F12_03_10.wav|data\td\F19_07_03.wav|data\td\M25_06_08.wav|data\td\F24_09_06.wav|data\td\F5_08_03.wav|data\td\F3_03_10.wav,merged_td_105,td,-16.38840103149414,20.388946533203125,-15.92982292175293,15.355874061584473,-8.693390846252441,16.066146850585938,-9.727283477783203,13.075934410095215,-6.272302150726318,12.180133819580078,-5.5505781173706055,10.567804336547852,-5.412553310394287,10.572347640991211,-7.115660667419434,10.711132049560547,0.31768131256103516,0.33606457710266113,0.27715301513671875,0.3219822645187378,0.24347475171089172,0.3058612644672394,0.25391319394111633,0.30848556756973267,0.2736820876598358,0.33008334040641785,0.24993260204792023,0.3096534311771393,0.21667355298995972,0.2780516445636749,0.2279122769832611,0.2996470034122467,0.27330282330513,0.31773900985717773,0.3446076512336731,0.3579424023628235,0.33747830986976624,0.34319689869880676,0.3197864294052124,0.33171868324279785,0.024217370592358133,-6.019999307704115e-06,-4.724353296277262e-18,42.57839548722785,2.0300839171453194e-06,,,,,,,,,,,,,,,,,,,,,,,,,,,,,,,,,,,,,,,,,4000.0,200.0,100.0,200.0,5.0,,,,,,,,,,,
339.90468452344606,125.89474191615186,314.74210513575684,190.41804342135148,1471.4536465877761,1281.0356031664246,0.010141732114213917,34.92536246413779,0.37038248558609627,125.89474191615186,0.7888563049853372,1281.0356031664246,0.37038248558609627,0.04659470543265343,0.04659470543265343,0.16801893171061527,0.16768086544962812,0.6643002028397565,0.01980373421953371,0.2009991854429245,1.5937316638143346,0.7143629523654478,1593.7316638143345,714.3629523654478,2966.883830978406,1355.2989612900174,1407.541090709487,401.253795046153,0.11505369401492935,0.06552544095259154,-288.90362548828125,94.37171173095703,82.0205307006836,35.913124084472656,-6.047114372253418,38.153568267822266,-0.2944408059120178,31.85030746459961,-38.49258041381836,28.602615356445312,0.05403577908873558,0.04659470543265343,-21.932832717895508,13.143696784973145,65.67960357666016,13.143696784973145,594.665282823041,161.994586082485,1647.119875454074,623.078991433047,3080.7265179034766,388.498456092588,TD,data\td\F15_10_07.wav|data\td\F8_05_02.wav|data\td\M11_03_08.wav|data\td\M25_08_07.wav|data\td\F20_08_01.wav|data\td\M1_08_01.wav|data\td\F17_07_08.wav|data\td\M23_09_05.wav|data\td\M20_03_05.wav|data\td\M23_04_07.wav|data\td\M21_08_05.wav|data\td\M24_05_05.wav|data\td\F8_01_04.wav|data\td\F7_07_02.wav|data\td\M21_01_05.wav|data\td\F23_10_06.wav|data\td\F17_05_09.wav|data\td\M11_07_08.wav|data\td\M22_03_09.wav|data\td\M14_02_01.wav,merged_td_106,td,-7.783566951751709,18.732637405395508,-21.052661895751953,17.260339736938477,-8.847447395324707,16.4364013671875,-7.705682277679443,14.022655487060547,-3.0722663402557373,12.086421966552734,-5.3539323806762695,11.197068214416504,-6.098787307739258,9.673954010009766,-6.680400371551514,9.541818618774414,0.2876039743423462,0.31938818097114563,0.27741333842277527,0.3250923156738281,0.2565801441669464,0.2862432599067688,0.3164445161819458,0.33370015025138855,0.3158818781375885,0.33497264981269836,0.28245657682418823,0.32058271765708923,0.2645342946052551,0.3095763027667999,0.27881675958633423,0.32022494077682495,0.3301951587200165,0.34219396114349365,0.3404616117477417,0.3433542847633362,0.30472224950790405,0.32151126861572266,0.2967227101325989,0.32961609959602356,0.021325030963180336,3.0694149876812534e-05,-0.011276008921691168,48.412886150037416,3.1508265770150307e-06,,,,,,,,,,,,,,,,,,,,,,,,,,,,,,,,,,,,,,,,,4000.0,200.0,100.0,200.0,5.0,,,,,,,,,,,
394.41974272630983,133.2144734636828,361.54373841774776,221.27444703492776,1141.2188080928886,919.9443610579608,0.2638897809352552,44.569202839700424,0.33774798528815303,133.2144734636828,0.8021860837110104,919.9443610579608,0.33774798528815303,0.054095443338155746,0.054095443338155746,0.2081117021276596,0.1841755319148936,0.6077127659574468,0.027882742448812073,0.19798064231872559,1.6966339277568774,0.733551895644945,1696.6339277568775,733.551895644945,3169.2444514796052,1365.2386823656977,1459.6459811954069,408.9511001233496,0.12242724856704879,0.07123356713678129,-276.7134704589844,95.980224609375,82.5537109375,38.865028381347656,-13.610628128051758,38.43943786621094,5.8700337409973145,32.606956481933594,-43.896270751953125,32.57019805908203,0.06344518810510635,0.054095443338155746,-21.66811180114746,12.198176383972168,73.41056060791016,12.198176383972168,591.6761805915933,159.92516014743035,1774.405812143228,672.8765167923996,3122.4078879086674,412.0784683595039,TD,data\td\F13_05_02.wav|data\td\F18_08_06.wav|data\td\F5_03_10.wav|data\td\F6_09_01.wav|data\td\M16_07_02.wav|data\td\F19_10_07.wav|data\td\M15_10_06.wav|data\td\F4_07_08.wav|data\td\F15_04_05.wav|data\td\F8_04_03.wav|data\td\F14_03_03.wav|data\td\F13_07_01.wav|data\td\M3_01_03.wav|data\td\M25_07_02.wav|data\td\F1_08_02.wav|data\td\M24_03_10.wav|data\td\M2_10_10.wav|data\td\F13_04_09.wav|data\td\F8_10_05.wav|data\td\F9_07_03.wav,merged_td_107,td,-12.327210426330566,18.730072021484375,-19.85247230529785,16.99030303955078,-8.154051780700684,17.42156219482422,-10.591446876525879,14.774941444396973,-3.011409044265747,13.382155418395996,-5.805509567260742,11.980329513549805,-2.6875338554382324,11.074223518371582,-8.084299087524414,12.076787948608398,0.3248271346092224,0.34973472356796265,0.31060680747032166,0.34499120712280273,0.24969907104969025,0.3026377260684967,0.268466055393219,0.3256932497024536,0.29765403270721436,0.33272024989128113,0.28954821825027466,0.33536577224731445,0.23694032430648804,0.2990974187850952,0.21643559634685516,0.29083511233329773,0.2177373170852661,0.28361690044403076,0.2642897367477417,0.322302907705307,0.2740619480609894,0.3221503794193268,0.2898739278316498,0.32993629574775696,-0.006871068907584813,-1.2761929979224763e-05,-0.01737810530665501,61.907599748827764,5.2961413325964836e-06,,,,,,,,,,,,,,,,,,,,,,,,,,,,,,,,,,,,,,,,,4000.0,200.0,100.0,200.0,5.0,,,,,,,,,,,
375.97520891093103,85.29744160413775,355.3326333920185,234.43211035826653,890.2251074656917,655.7929971074252,0.013891986243917156,28.15931076326416,0.2268698562631687,85.29744160413775,0.8149826712876567,655.7929971074252,0.2268698562631687,0.04819096252322197,0.04819096252322197,0.22414921465968587,0.16852094240837695,0.6073298429319371,0.025541550404302088,0.20292623341083527,1.5596193700640282,0.6027176993093172,1559.619370064028,602.7176993093171,2954.687083444415,1221.1651383580001,1375.3602357983273,385.6573465102291,0.10959030716808851,0.05032243728224619,-290.8381652832031,95.1738510131836,85.8432388305664,35.32590103149414,-17.485261917114258,38.13639831542969,6.669323444366455,33.280479431152344,-41.704315185546875,30.370193481445312,0.05626945570111275,0.04819096252322197,-22.365768432617188,13.035326957702637,69.85460662841797,13.035326957702637,601.141670991178,169.05620970935976,1768.0539699014012,679.2960484712345,3025.386611312921,392.90919043820963,TD,data\td\M16_05_07.wav|data\td\F19_06_09.wav|data\td\F21_03_06.wav|data\td\F21_04_03.wav|data\td\F5_10_05.wav|data\td\F16_10_10.wav|data\td\M17_02_04.wav|data\td\F7_09_10.wav|data\td\M11_07_04.wav|data\td\M19_02_02.wav|data\td\F13_03_07.wav|data\td\F3_06_07.wav|data\td\F15_04_02.wav|data\td\M22_01_03.wav|data\td\M16_07_09.wav|data\td\F18_08_10.wav|data\td\M10_07_03.wav|data\td\M23_06_01.wav|data\td\M22_04_03.wav|data\td\M16_02_07.wav,merged_td_108,td,-13.32736873626709,20.703088760375977,-17.394271850585938,16.93907356262207,-10.550546646118164,16.334863662719727,-10.46457290649414,12.633255958557129,-6.668236255645752,12.914118766784668,-6.029207706451416,11.456207275390625,-6.5205206871032715,10.846562385559082,-5.466057300567627,11.076838493347168,0.32107454538345337,0.34351637959480286,0.2921852767467499,0.3289371430873871,0.2693919837474823,0.32082247734069824,0.25892147421836853,0.319964200258255,0.25314104557037354,0.3168899118900299,0.22280266880989075,0.2894607484340668,0.20275729894638062,0.2829955220222473,0.2026345431804657,0.274556964635849,0.25656211376190186,0.30247974395751953,0.3520798087120056,0.36209341883659363,0.3513737618923187,0.35380318760871887,0.3238804340362549,0.33594751358032227,0.022161591624018387,-1.66184116405101e-05,-0.0002722774143952272,38.86987942696368,-2.7481535469407432e-06,,,,,,,,,,,,,,,,,,,,,,,,,,,,,,,,,,,,,,,,,4000.0,200.0,100.0,200.0,5.0,,,,,,,,,,,
383.8022147871663,122.36140208843634,351.2512899969259,217.47308447763714,1083.407083743526,865.9339992658889,0.07764348383840586,44.53722354407867,0.31881369459082104,122.36140208843634,0.7523943661971831,865.9339992658889,0.31881369459082104,0.05388827621936798,0.05388827621936798,0.21235955056179776,0.20486891385767791,0.5827715355805243,0.026820997805498435,0.20072562992572784,1.5758393015030234,0.7054804852534452,1575.8393015030235,705.4804852534452,2906.056338028169,1354.4647956737424,1395.966257953689,410.66152784823345,0.11559666593309859,0.06685196120837818,-278.6432800292969,95.37342071533203,88.98918914794922,37.871315002441406,-13.309287071228027,35.88315963745117,-2.372814655303955,31.30780792236328,-39.517921447753906,32.19358444213867,0.06304892897605896,0.05388827621936798,-21.750301361083984,12.59935188293457,71.68798828125,12.59935188293457,601.2614221916867,170.32995501124205,1667.7815183785642,622.8775444219368,3126.348333905875,424.4355069143893,TD,data\td\M13_01_06.wav|data\td\F18_02_10.wav|data\td\F23_06_10.wav|data\td\F18_05_09.wav|data\td\F13_01_07.wav|data\td\F2_02_06.wav|data\td\F1_06_07.wav|data\td\M15_01_05.wav|data\td\F8_10_07.wav|data\td\F24_01_09.wav|data\td\M17_03_04.wav|data\td\M10_01_06.wav|data\td\F22_05_09.wav|data\td\F5_02_04.wav|data\td\M17_05_09.wav|data\td\M21_02_10.wav|data\td\F6_07_05.wav|data\td\M2_04_08.wav|data\td\F4_01_02.wav|data\td\F13_01_09.wav,merged_td_109,td,-11.740063667297363,21.951520919799805,-19.399267196655273,17.558197021484375,-6.758134841918945,16.336891174316406,-10.466771125793457,13.877120971679688,-5.176724433898926,12.762628555297852,-5.770092010498047,11.68101978302002,-3.7070300579071045,10.425161361694336,-7.687746524810791,11.380605697631836,0.3327520489692688,0.34525367617607117,0.31100860238075256,0.3313419222831726,0.288745641708374,0.3138561546802521,0.2909574508666992,0.3312566876411438,0.27707865834236145,0.3155061900615692,0.27860307693481445,0.32332247495651245,0.2412474900484085,0.29416581988334656,0.22727401554584503,0.29123395681381226,0.23054426908493042,0.29279008507728577,0.25994107127189636,0.30496907234191895,0.3252510726451874,0.3477158844470978,0.3417908847332001,0.3446260690689087,0.0038481812606462333,1.8978474689342528e-05,7.454176321200002e-17,62.423601152035154,3.9629121526076934e-06,,,,,,,,,,,,,,,,,,,,,,,,,,,,,,,,,,,,,,,,,4000.0,200.0,100.0,200.0,5.0,,,,,,,,,,,
352.68671543853156,91.9762059042788,335.38934511626763,230.40470702053787,1052.5645871289155,822.1598801083776,-0.014287159226144663,32.3447324975294,0.26078727062320833,91.9762059042788,0.8016528925619835,822.1598801083776,0.26078727062320833,0.04511353000998497,0.04511353000998497,0.17498336660013306,0.1656686626746507,0.6593479707252162,0.02046178616224209,0.20806100964546204,1.541872231767169,0.6748038782565782,1541.8722317671688,674.8038782565782,2859.6832511330313,1375.3153636326344,1382.7508783807646,426.92178472614245,0.11329088284790723,0.06193634830916709,-295.4918212890625,90.08113861083984,92.16525268554688,37.88423538208008,-14.506866455078125,37.028465270996094,-1.9943937063217163,33.11753845214844,-34.134586334228516,28.07965087890625,0.05222385749220848,0.04511353000998497,-20.066679000854492,12.076051712036133,52.76332092285156,12.076051712036133,598.7752983912818,158.55364954958202,1631.7592112091334,602.9970521698793,3056.149455111573,447.3298369545483,TD,data\td\M1_03_04.wav|data\td\M3_01_02.wav|data\td\M22_06_07.wav|data\td\M1_02_02.wav|data\td\M11_05_04.wav|data\td\F22_02_01.wav|data\td\F8_06_04.wav|data\td\M25_05_03.wav|data\td\M10_03_01.wav|data\td\F12_05_07.wav|data\td\F2_06_10.wav|data\td\M24_02_07.wav|data\td\M19_08_09.wav|data\td\M17_10_10.wav|data\td\M15_08_08.wav|data\td\F24_10_07.wav|data\td\F25_06_08.wav|data\td\M17_06_09.wav|data\td\F1_05_10.wav|data\td\M25_04_08.wav,merged_td_110,td,-14.073973655700684,20.53171157836914,-21.31656837463379,17.11773681640625,-9.406805992126465,15.840296745300293,-9.725554466247559,13.817344665527344,-4.20357084274292,12.340250968933105,-5.289433002471924,11.477462768554688,-6.059061050415039,11.005502700805664,-6.5940070152282715,10.545279502868652,0.3364383578300476,0.34879934787750244,0.30875352025032043,0.3347598910331726,0.25908035039901733,0.307727187871933,0.24469256401062012,0.2972900867462158,0.28166845440864563,0.3272884786128998,0.26999202370643616,0.32302170991897583,0.24792106449604034,0.2995099425315857,0.2530713379383087,0.30915117263793945,0.2579180896282196,0.3099149465560913,0.2992009222507477,0.3332418203353882,0.3105160892009735,0.3335534632205963,0.31769660115242004,0.33250901103019714,0.00998396173034734,-2.1618748359903447e-05,0.0018988690269421847,45.099924544663004,2.8709707570047936e-06,,,,,,,,,,,,,,,,,,,,,,,,,,,,,,,,,,,,,,,,,4000.0,200.0,100.0,200.0,5.0,,,,,,,,,,,
406.69880411079544,174.8530606308952,372.1377785978373,95.20902171067573,1832.6213884612594,1737.4123667505837,0.040056091462933936,45.209417654109735,0.42993256646818323,174.8530606308952,0.7573980271927486,1737.4123667505837,0.42993256646818323,0.04585250839591026,0.04585250839591026,0.21267605633802816,0.1964788732394366,0.5908450704225352,0.02882934785934748,0.1976851373910904,1.4914399715403464,0.613762506012655,1491.4399715403463,613.7625060126551,2777.376033057851,1287.4763451249817,1345.6192412481205,408.49378206522385,0.10931329770394561,0.059003494633615594,-288.7070007324219,83.96536254882812,82.92646026611328,32.98918533325195,-5.480295658111572,35.5146369934082,-1.0682857036590576,29.904590606689453,-36.0692138671875,29.38163185119629,0.05192054435610771,0.04585250839591026,-23.955900192260742,12.344684600830078,69.18466186523438,12.344684600830078,579.6367410482616,174.78832470346674,1630.43072132849,630.6417916339572,3125.313959522574,405.2045030240926,TD,data\td\F13_03_01.wav|data\td\F5_10_04.wav|data\td\F11_08_01.wav|data\td\F12_07_06.wav|data\td\F2_03_09.wav|data\td\M20_10_09.wav|data\td\F24_02_03.wav|data\td\M24_04_01.wav|data\td\F6_02_09.wav|data\td\F3_02_04.wav|data\td\F13_02_07.wav|data\td\M23_04_03.wav|data\td\F8_04_02.wav|data\td\F16_05_10.wav|data\td\F20_01_02.wav|data\td\M17_08_06.wav|data\td\F4_06_07.wav|data\td\M21_10_03.wav|data\td\M17_02_01.wav|data\td\M17_07_08.wav,merged_td_111,td,-11.835287094116211,19.515626907348633,-16.728652954101562,15.659933090209961,-9.523576736450195,15.219715118408203,-6.05318546295166,13.4649076461792,-6.235304355621338,12.438246726989746,-4.719082355499268,10.825386047363281,-4.763650894165039,10.189261436462402,-7.620534896850586,10.707849502563477,0.31812024116516113,0.3395277261734009,0.289828896522522,0.32816264033317566,0.25531116127967834,0.30624446272850037,0.2829274833202362,0.32962098717689514,0.3047824501991272,0.3383319079875946,0.3041987717151642,0.34266597032546997,0.2594580054283142,0.313257098197937,0.2304912954568863,0.2997247278690338,0.23897002637386322,0.3003757894039154,0.2748557925224304,0.328168123960495,0.2921387553215027,0.32763320207595825,0.3171553313732147,0.34319761395454407,-0.0385595853067724,6.367033779540012e-05,0.005095256226187323,60.9697542828895,-2.5587241523709544e-06,,,,,,,,,,,,,,,,,,,,,,,,,,,,,,,,,,,,,,,,,4000.0,200.0,100.0,200.0,5.0,,,,,,,,,,,
379.7355070936145,115.89698785347646,349.2282314330038,234.43211035826653,1083.407083743526,848.9749733852595,0.04661117055611111,35.06736256833554,0.3052045060008173,115.89698785347646,0.8005865102639296,848.9749733852595,0.3052045060008173,0.044910915195941925,0.044910915195941925,0.21985343104596936,0.20086608927381747,0.5792804796802132,0.02587816993869834,0.21924053132534027,1.5845247018649629,0.6898671211869558,1584.524701864963,689.8671211869558,2961.9768061850173,1386.2461362433994,1412.7172297084194,429.8867410894936,0.11709325429885364,0.06001588651655921,-297.07354736328125,91.14529418945312,92.10355377197266,35.557735443115234,-11.909826278686523,36.02375793457031,-2.6939971446990967,31.471595764160156,-41.73556137084961,31.335100173950195,0.05274882912635803,0.044910915195941925,-19.670804977416992,12.201560974121094,55.42474365234375,12.201560974121094,579.6782563570317,164.24227984442956,1659.4914374675661,637.5919323303999,3167.659574468085,405.9375276962624,TD,data\td\M25_04_09.wav|data\td\M21_09_02.wav|data\td\F21_04_10.wav|data\td\M2_04_01.wav|data\td\F23_05_05.wav|data\td\F14_06_06.wav|data\td\M12_07_06.wav|data\td\F13_05_09.wav|data\td\F8_09_08.wav|data\td\F15_02_09.wav|data\td\M11_06_08.wav|data\td\M23_07_04.wav|data\td\F11_09_07.wav|data\td\F24_05_05.wav|data\td\F21_06_09.wav|data\td\M21_03_09.wav|data\td\F21_05_06.wav|data\td\F3_09_09.wav|data\td\M3_09_01.wav|data\td\F1_01_04.wav,merged_td_112,td,-7.931100845336914,19.369585037231445,-22.580482482910156,17.751405715942383,-10.507279396057129,16.537105560302734,-8.125258445739746,14.151115417480469,-6.31387186050415,12.720195770263672,-5.0725579261779785,10.874756813049316,-5.909476280212402,10.665343284606934,-6.708374500274658,12.798336029052734,0.33300742506980896,0.3374059796333313,0.3036006987094879,0.34062233567237854,0.23439840972423553,0.28641006350517273,0.24215812981128693,0.30264851450920105,0.2594887316226959,0.3137977123260498,0.2800677716732025,0.32596132159233093,0.2757888734340668,0.323517382144928,0.2506355345249176,0.3029041290283203,0.27203628420829773,0.3236085772514343,0.293242484331131,0.3298952877521515,0.3185892105102539,0.33307456970214844,0.33801645040512085,0.34314948320388794,0.007812540459179352,-4.119129739298223e-06,4.735373114029325e-17,48.51156385640686,-2.9387966077961663e-06,,,,,,,,,,,,,,,,,,,,,,,,,,,,,,,,,,,,,,,,,4000.0,200.0,100.0,200.0,5.0,,,,,,,,,,,
383.13488038524304,135.8043571618808,345.2170030745703,214.97519305553408,1195.1917505680426,980.2165575125085,-0.01278608239787402,44.39034413220382,0.3544557389954399,135.8043571618808,0.8400426552919221,980.2165575125085,0.3544557389954399,0.054189298301935196,0.054189298301935196,0.1961904761904762,0.1819047619047619,0.621904761904762,0.02392559445396462,0.21657225489616394,1.669313726163015,0.6738369290125694,1669.3137261630152,673.8369290125694,3103.120417888563,1283.4228877634932,1415.0854004669898,383.1271886870555,0.11991164335343908,0.05924747797545428,-282.23687744140625,93.22148132324219,79.96424102783203,35.225547790527344,-17.953012466430664,38.0393180847168,5.137179851531982,35.341758728027344,-43.02642059326172,29.598831176757812,0.061099957674741745,0.054189298301935196,-22.24643898010254,12.038090705871582,57.173587799072266,12.038090705871582,593.6689154125584,165.04431756587465,1776.4815775817335,638.2675944738671,3040.6642449403216,401.13162072332386,TD,data\td\M19_07_03.wav|data\td\M22_01_02.wav|data\td\F6_06_08.wav|data\td\M11_04_10.wav|data\td\M21_02_04.wav|data\td\F5_06_09.wav|data\td\M14_02_08.wav|data\td\F4_04_06.wav|data\td\F1_10_05.wav|data\td\F24_09_10.wav|data\td\F25_01_04.wav|data\td\F2_01_01.wav|data\td\F14_07_01.wav|data\td\F12_10_01.wav|data\td\M22_03_04.wav|data\td\F2_04_05.wav|data\td\F1_01_06.wav|data\td\M25_08_09.wav|data\td\M11_03_07.wav|data\td\M1_09_02.wav,merged_td_113,td,-11.738299369812012,19.7622013092041,-21.759782791137695,16.482439041137695,-8.359770774841309,15.771734237670898,-10.694782257080078,14.916396141052246,-6.47799825668335,12.759218215942383,-5.876178741455078,12.499377250671387,-8.891261100769043,12.792586326599121,-4.336958885192871,13.183534622192383,0.2698105573654175,0.32175999879837036,0.26904600858688354,0.332947313785553,0.2557479441165924,0.30691349506378174,0.2972411811351776,0.3278902471065521,0.2968452572822571,0.3329770863056183,0.2313658744096756,0.29479581117630005,0.20157243311405182,0.27711933851242065,0.2223871499300003,0.29088497161865234,0.28637030720710754,0.32834288477897644,0.3172908127307892,0.35135510563850403,0.27948465943336487,0.32124558091163635,0.27316516637802124,0.3239302933216095,0.0016406611152527805,3.7578290740282576e-05,0.0021139719084161943,62.780163672357894,-3.427729839870039e-06,,,,,,,,,,,,,,,,,,,,,,,,,,,,,,,,,,,,,,,,,4000.0,200.0,100.0,200.0,5.0,,,,,,,,,,,
364.7415839584329,107.06927694935806,347.21682482900223,184.9972113558172,1161.1669614801472,976.16975012433,-0.009974990388829503,34.723542216895886,0.2935483138154053,107.06927694935806,0.7739106604549192,976.16975012433,0.2935483138154053,0.04346174746751785,0.04346174746751785,0.17924194119730782,0.1781792419411973,0.6425788168614949,0.023060058942129067,0.2045244723558426,1.5676942100370035,0.693686289931812,1567.6942100370036,693.686289931812,2932.0254693066595,1352.0899500606872,1394.9847937913307,428.58212371496865,0.11510002740476843,0.062341343772172306,-300.4354553222656,101.53952026367188,92.26728057861328,40.14225387573242,-17.38433074951172,39.53041076660156,4.928179740905762,33.09556198120117,-37.92501449584961,30.503644943237305,0.052747856825590134,0.04346174746751785,-19.339420318603516,14.12916088104248,69.04547119140625,14.12916088104248,586.1997995322421,163.5047543941316,1685.8536585365855,608.1205397706451,3067.210157033078,408.6593363444554,TD,data\td\F12_03_01.wav|data\td\M3_01_06.wav|data\td\F12_08_02.wav|data\td\F7_01_05.wav|data\td\M24_04_07.wav|data\td\F8_05_10.wav|data\td\F7_10_03.wav|data\td\F23_09_03.wav|data\td\F14_10_08.wav|data\td\M25_04_03.wav|data\td\F14_10_06.wav|data\td\F24_01_10.wav|data\td\F20_07_06.wav|data\td\M1_01_02.wav|data\td\F16_08_09.wav|data\td\M18_04_02.wav|data\td\M16_03_01.wav|data\td\F7_04_01.wav|data\td\F16_06_05.wav|data\td\F22_03_08.wav,merged_td_114,td,-13.991376876831055,18.780427932739258,-19.153865814208984,16.573505401611328,-8.03426456451416,16.457321166992188,-8.771713256835938,14.384831428527832,-6.7444167137146,12.280824661254883,-4.601374626159668,10.903510093688965,-5.100010395050049,9.990978240966797,-6.773262023925781,11.08593463897705,0.3363456130027771,0.3396016061306,0.303741455078125,0.3206864595413208,0.2721198797225952,0.3083149194717407,0.27525413036346436,0.32774537801742554,0.25368693470954895,0.3133971691131592,0.2718352675437927,0.3219000995159149,0.294328898191452,0.33395299315452576,0.27915269136428833,0.3243477940559387,0.27452775835990906,0.3255302309989929,0.2845238447189331,0.32869812846183777,0.290214478969574,0.3219395577907562,0.33150938153266907,0.34437042474746704,-0.003449717907398895,3.3868933659605014e-05,-0.0006386747984836773,48.184178928414255,-3.0797412661126726e-06,,,,,,,,,,,,,,,,,,,,,,,,,,,,,,,,,,,,,,,,,4000.0,200.0,100.0,200.0,5.0,,,,,,,,,,,
372.15478579223407,112.8220926690798,351.2512899969259,221.27444703492776,1128.1107920902414,906.8363450553136,0.22529432837711566,32.386868090344194,0.30315905364190565,112.8220926690798,0.78752332711277,906.8363450553136,0.30315905364190565,0.05146510899066925,0.05146510899066925,0.2035218421943786,0.1950558753809685,0.6014222824246529,0.026078421724896324,0.21406766772270203,1.5772056803913295,0.6239712799793564,1577.2056803913295,623.9712799793564,2929.779142228739,1244.4040639155965,1370.1859190164841,375.09972160978623,0.11602674182717942,0.05544204552126661,-283.43389892578125,95.01536560058594,90.30913543701172,35.933231353759766,-19.100683212280273,37.23341369628906,6.214664936065674,33.66632843017578,-40.41294860839844,30.721603393554688,0.05732431262731552,0.05146510899066925,-21.86809730529785,12.352601051330566,64.56037902832031,12.352601051330566,608.4898806434874,163.0677730491425,1653.7208095485212,632.1442317526016,3051.4997405293198,376.3272014342412,TD,data\td\F2_08_09.wav|data\td\M2_05_06.wav|data\td\F25_05_06.wav|data\td\M25_03_09.wav|data\td\M1_03_10.wav|data\td\F25_03_01.wav|data\td\F2_03_05.wav|data\td\F22_05_08.wav|data\td\M18_05_09.wav|data\td\F9_01_02.wav|data\td\M13_06_07.wav|data\td\M14_07_02.wav|data\td\M21_03_05.wav|data\td\F16_01_05.wav|data\td\F3_10_03.wav|data\td\F5_08_09.wav|data\td\M20_03_10.wav|data\td\F5_01_03.wav|data\td\F23_03_06.wav|data\td\F9_08_06.wav,merged_td_115,td,-8.861822128295898,17.59475326538086,-18.69481086730957,16.039369583129883,-9.768196105957031,15.1773681640625,-9.34377670288086,14.062798500061035,-5.043087005615234,12.329689979553223,-4.944007873535156,11.939573287963867,-6.031362533569336,10.9867582321167,-5.201073169708252,11.157523155212402,0.3686927556991577,0.35469624400138855,0.33043453097343445,0.34263306856155396,0.2661873400211334,0.30206814408302307,0.25598713755607605,0.3060832917690277,0.2540414333343506,0.30906832218170166,0.2634666860103607,0.30990302562713623,0.28231188654899597,0.3290345072746277,0.25966307520866394,0.30982446670532227,0.24943873286247253,0.30305933952331543,0.2626909911632538,0.3081335425376892,0.29663509130477905,0.3218274712562561,0.3418687880039215,0.33876344561576843,0.0012376118830549326,2.8343664478441887e-05,8.241324609631475e-05,44.71524557590019,6.720188546479781e-07,,,,,,,,,,,,,,,,,,,,,,,,,,,,,,,,,,,,,,,,,4000.0,200.0,100.0,200.0,5.0,,,,,,,,,,,
399.0900253794074,177.71741289625808,351.2512899969259,188.23090565017245,1471.4536465877761,1283.2227409376037,0.17550613115009372,55.28669832753125,0.4453065764480219,177.71741289625808,0.7792588643028526,1283.2227409376037,0.4453065764480219,0.05360517278313637,0.05360517278313637,0.2292950034223135,0.1995208761122519,0.5711841204654347,0.028806951976959806,0.20169007778167725,1.5419401834819468,0.5889845041570532,1541.9401834819469,588.9845041570532,2830.416055718475,1177.7408028002626,1346.4644808726707,353.21768023843515,0.1139662235903759,0.05475802857340695,-281.2611083984375,95.54248046875,79.7571029663086,34.81315231323242,-14.387040138244629,36.69395446777344,0.7170343399047852,33.843746185302734,-40.07828903198242,29.421478271484375,0.05883871391415596,0.05360517278313637,-24.16998863220215,13.523714065551758,69.54163360595703,13.523714065551758,610.7317073170732,180.87365312022033,1751.530877010898,651.4100887539066,3067.3585884795025,378.0916369874491,TD,data\td\F7_06_04.wav|data\td\M13_08_02.wav|data\td\F13_06_03.wav|data\td\F22_10_03.wav|data\td\F7_07_03.wav|data\td\F21_02_02.wav|data\td\F3_02_02.wav|data\td\M18_06_10.wav|data\td\F24_07_02.wav|data\td\F18_09_07.wav|data\td\F6_01_03.wav|data\td\M25_09_06.wav|data\td\M25_05_06.wav|data\td\F9_09_02.wav|data\td\M17_10_06.wav|data\td\M13_05_01.wav|data\td\F3_08_01.wav|data\td\M1_01_09.wav|data\td\F15_07_10.wav|data\td\M13_09_03.wav,merged_td_116,td,-13.352712631225586,20.63961410522461,-17.20142364501953,16.918481826782227,-8.89950180053711,17.83514976501465,-8.383097648620605,14.312366485595703,-5.12150239944458,12.953802108764648,-5.854923248291016,11.490189552307129,-5.100965976715088,10.801730155944824,-5.725400924682617,10.555846214294434,0.31688588857650757,0.33087214827537537,0.30830636620521545,0.33862364292144775,0.25971442461013794,0.30524253845214844,0.2655085325241089,0.3182823657989502,0.2873581349849701,0.33109942078590393,0.294883668422699,0.32683661580085754,0.28662824630737305,0.31928133964538574,0.24650506675243378,0.3004193902015686,0.22397243976593018,0.277651846408844,0.2837482988834381,0.325778603553772,0.3443816900253296,0.35366520285606384,0.33998173475265503,0.3468826413154602,-0.06647922630767153,2.7942498914365328e-05,-0.0024144941000136598,77.01368159641106,-5.077187783592341e-06,,,,,,,,,,,,,,,,,,,,,,,,,,,,,,,,,,,,,,,,,4000.0,200.0,100.0,200.0,5.0,,,,,,,,,,,
370.2785654202713,132.68459427815606,329.6275569128699,230.40470702053787,1273.5969289475324,1043.1922219269945,-0.14156757287367938,47.71180805004146,0.3583372268053302,132.68459427815606,0.7627299386830179,1043.1922219269945,0.3583372268053302,0.048630110919475555,0.048630110919475555,0.19895104895104895,0.193006993006993,0.608041958041958,0.02772249886047539,0.2171156406402588,1.546356728304321,0.6511128565206699,1546.356728304321,651.1128565206699,2878.8489736070383,1345.6208216850425,1377.6544998169459,418.37747361746597,0.1122625112470008,0.05757550142484886,-301.1158447265625,95.58372497558594,89.84257507324219,35.33298110961914,-16.187931060791016,38.78422164916992,-3.1380786895751953,34.73446273803711,-39.60963821411133,29.198558807373047,0.0539170540869236,0.048630110919475555,-20.817094802856445,12.6837739944458,52.33343505859375,12.6837739944458,594.5822522055008,173.86934471108958,1609.3824597820449,577.6732577568295,3071.468604047743,406.1213473957196,TD,data\td\F2_05_10.wav|data\td\F6_07_04.wav|data\td\M22_03_02.wav|data\td\M12_03_07.wav|data\td\M10_08_07.wav|data\td\M11_01_09.wav|data\td\F6_01_05.wav|data\td\M15_03_09.wav|data\td\F15_08_09.wav|data\td\F2_07_04.wav|data\td\M10_05_03.wav|data\td\F24_07_05.wav|data\td\F6_04_10.wav|data\td\M2_10_05.wav|data\td\F5_10_01.wav|data\td\M20_03_03.wav|data\td\F25_10_08.wav|data\td\M18_06_08.wav|data\td\M15_10_02.wav|data\td\F17_01_01.wav,merged_td_117,td,-11.553977012634277,20.48365592956543,-21.067319869995117,18.31178092956543,-9.225172996520996,15.41245174407959,-9.540446281433105,14.201525688171387,-6.832179069519043,12.26267147064209,-5.217255592346191,12.519315719604492,-5.045416831970215,12.596816062927246,-6.642146587371826,12.130873680114746,0.2722081243991852,0.3116590976715088,0.24495644867420197,0.3041459619998932,0.24216240644454956,0.30340781807899475,0.2730545997619629,0.31304219365119934,0.3181445896625519,0.3449954092502594,0.28085222840309143,0.3234444856643677,0.229385107755661,0.29519906640052795,0.23764491081237793,0.3007810711860657,0.2810811996459961,0.3248679041862488,0.33432334661483765,0.34708017110824585,0.3350708782672882,0.33842408657073975,0.31910815834999084,0.3374674320220947,0.026163704624408174,2.234800744237391e-08,0.0076923523635187155,67.46986945572206,9.94202074652273e-07,,,,,,,,,,,,,,,,,,,,,,,,,,,,,,,,,,,,,,,,,4000.0,200.0,100.0,200.0,5.0,,,,,,,,,,,
353.3531687967296,83.46644878932779,335.38934511626763,235.7901617579845,982.0774855145963,746.2873237566118,-0.0142115792272532,25.91488724049088,0.23621253793635227,83.46644878932779,0.8003199146894161,746.2873237566118,0.23621253793635227,0.04841606318950653,0.04841606318950653,0.17594135288237253,0.16694435188270576,0.6571142952349217,0.020122160134792646,0.2024650126695633,1.4272769342864757,0.6124072489589458,1427.2769342864758,612.4072489589458,2693.0110303918955,1234.5790655780634,1323.1830366616625,393.23830965233105,0.10274408595207944,0.05221713527951886,-306.00885009765625,88.82352447509766,92.96765899658203,36.25483703613281,-7.462060928344727,33.95647430419922,3.6521122455596924,29.969989776611328,-34.12629699707031,27.727432250976562,0.049458522349596024,0.04841606318950653,-25.986116409301758,13.044941902160645,76.53331756591797,13.044941902160645,569.880643487286,157.28860824966014,1743.3938764919567,659.406786003708,3020.1971977166586,394.83495134023764,TD,data\td\M18_02_03.wav|data\td\M19_04_10.wav|data\td\F21_06_08.wav|data\td\M21_04_01.wav|data\td\M3_06_09.wav|data\td\M23_02_04.wav|data\td\F2_07_10.wav|data\td\F2_04_10.wav|data\td\F15_07_08.wav|data\td\M1_09_09.wav|data\td\M16_06_03.wav|data\td\M18_07_03.wav|data\td\F9_10_09.wav|data\td\M15_06_08.wav|data\td\M12_05_02.wav|data\td\M23_01_07.wav|data\td\F3_05_02.wav|data\td\F6_05_03.wav|data\td\M23_08_02.wav|data\td\F8_04_08.wav,merged_td_118,td,-14.275497436523438,20.834272384643555,-16.896146774291992,16.170413970947266,-12.226391792297363,15.687850952148438,-9.688268661499023,13.33688735961914,-4.035960674285889,11.615068435668945,-6.229327201843262,10.422887802124023,-6.407744407653809,9.697266578674316,-5.902265548706055,10.546794891357422,0.30661827325820923,0.330464631319046,0.28082093596458435,0.3345111310482025,0.24730010330677032,0.3029032349586487,0.28143927454948425,0.32997384667396545,0.28410398960113525,0.3321930766105652,0.24538210034370422,0.31432875990867615,0.22593607008457184,0.29521480202674866,0.236446812748909,0.29721155762672424,0.29126301407814026,0.3251383304595947,0.32545140385627747,0.34429606795310974,0.2958682179450989,0.3235018253326416,0.3183535039424896,0.3458586037158966,0.010265741075733898,8.114670530082954e-06,0.019005375670089808,35.89996367770202,-7.126048062624218e-06,,,,,,,,,,,,,,,,,,,,,,,,,,,,,,,,,,,,,,,,,4000.0,200.0,100.0,200.0,5.0,,,,,,,,,,,
367.4819575812315,108.66428493682074,341.2518476034216,180.77186920887385,1077.167118108097,896.3952488992231,-0.01644254489707868,38.098451011924624,0.295699646458971,108.66428493682074,0.7696614236203679,896.3952488992231,0.295699646458971,0.04226267710328102,0.04226267710328102,0.23665973665973666,0.18468468468468469,0.5786555786555787,0.029485972191489938,0.2099577784538269,1.540815962633274,0.65589017506242,1540.815962633274,655.89017506242,2880.3964776059715,1304.2762690680925,1389.4564885206569,395.4155884525598,0.10833139808551052,0.055845546285100744,-303.5025939941406,94.99623107910156,92.07906341552734,35.78110122680664,-12.919209480285645,39.52998733520508,4.212539196014404,33.19845199584961,-42.777652740478516,32.19260025024414,0.05207895115017891,0.04226267710328102,-20.464513778686523,12.712345123291016,71.225830078125,12.712345123291016,579.4706798131812,164.13628479005556,1758.9206019719775,641.346162130068,3148.105864037364,420.61412047185723,TD,data\td\M12_02_05.wav|data\td\F2_08_06.wav|data\td\F6_03_01.wav|data\td\M16_04_04.wav|data\td\M23_01_01.wav|data\td\F21_07_03.wav|data\td\F15_03_08.wav|data\td\F19_04_02.wav|data\td\F7_01_02.wav|data\td\F4_02_04.wav|data\td\M2_04_09.wav|data\td\F1_02_04.wav|data\td\M14_10_08.wav|data\td\F21_04_06.wav|data\td\M16_02_10.wav|data\td\M18_07_09.wav|data\td\M22_06_10.wav|data\td\M2_02_02.wav|data\td\F21_10_10.wav|data\td\F1_04_06.wav,merged_td_119,td,-12.212656021118164,19.68096160888672,-22.438291549682617,17.52364730834961,-9.498183250427246,17.91933250427246,-9.148821830749512,13.596147537231445,-6.1958184242248535,12.450616836547852,-4.037003517150879,11.594013214111328,-5.134769439697266,11.564783096313477,-6.130700588226318,11.261064529418945,0.31577882170677185,0.3412191569805145,0.29999324679374695,0.33360713720321655,0.2563059329986572,0.3083362281322479,0.2634921669960022,0.3194389045238495,0.29256629943847656,0.33152198791503906,0.28659844398498535,0.33559587597846985,0.2226891815662384,0.2908921539783478,0.19576995074748993,0.27001965045928955,0.2366245985031128,0.2942841947078705,0.3166043162345886,0.34118491411209106,0.3443557620048523,0.3456368148326874,0.33226484060287476,0.34112057089805603,0.010190579628207052,-2.133364221878415e-05,0.0018119205632425536,53.81285667537185,1.1621190527723176e-06,,,,,,,,,,,,,,,,,,,,,,,,,,,,,,,,,,,,,,,,,4000.0,200.0,100.0,200.0,5.0,,,,,,,,,,,
391.4445686805543,131.9770599639811,363.6381399878532,217.47308447763714,1161.1669614801472,943.69387700251,-0.010295535115924188,47.57390852618285,0.337153892334839,131.9770599639811,0.7555318581711543,943.69387700251,0.337153892334839,0.04336600750684738,0.04336600750684738,0.22696787857394987,0.19166960818919873,0.5813625132368514,0.02866613915930028,0.2048778384923935,1.568658070441084,0.6137503489540411,1568.658070441084,613.7503489540411,2908.7555818448413,1214.1446156379304,1365.8856793514594,369.5399385467379,0.11621965913256464,0.057123661683069336,-299.2890625,90.62689971923828,91.11177062988281,34.073177337646484,-19.172325134277344,36.46265411376953,3.8046672344207764,33.42719650268555,-42.927642822265625,32.4151725769043,0.04901289939880371,0.04336600750684738,-20.733966827392578,12.102675437927246,62.47011184692383,12.102675437927246,604.8365334717178,164.78374735691565,1711.3855734302026,637.5413593769664,3104.2241826673585,403.0947563256026,TD,data\td\M10_10_01.wav|data\td\F2_02_01.wav|data\td\F9_06_04.wav|data\td\M25_04_10.wav|data\td\F12_08_06.wav|data\td\F7_04_06.wav|data\td\M2_06_05.wav|data\td\F2_10_07.wav|data\td\F25_02_08.wav|data\td\F21_03_09.wav|data\td\F14_05_05.wav|data\td\F7_05_05.wav|data\td\M21_01_07.wav|data\td\F9_01_07.wav|data\td\M12_05_08.wav|data\td\F3_07_09.wav|data\td\M25_01_01.wav|data\td\M16_06_07.wav|data\td\F23_09_07.wav|data\td\F2_01_03.wav,merged_td_120,td,-11.221322059631348,18.77861785888672,-17.838096618652344,15.940324783325195,-8.486580848693848,17.440906524658203,-8.78360366821289,13.12268352508545,-6.312301158905029,14.047453880310059,-3.0164196491241455,12.212030410766602,-5.901150703430176,9.963891983032227,-5.9471235275268555,12.099806785583496,0.35247620940208435,0.3396607041358948,0.33136945962905884,0.33319419622421265,0.2760990262031555,0.31029054522514343,0.2811313271522522,0.32617515325546265,0.289977103471756,0.3370122015476227,0.2828226387500763,0.32490482926368713,0.28162556886672974,0.32982969284057617,0.24785694479942322,0.30804845690727234,0.23571321368217468,0.29386571049690247,0.25628021359443665,0.3139137923717499,0.27611249685287476,0.3170469403266907,0.31413325667381287,0.32794812321662903,-0.0032537917684360242,-2.0705707295747533e-05,0.0017917409045274362,66.04076971943738,5.490282654936109e-06,,,,,,,,,,,,,,,,,,,,,,,,,,,,,,,,,,,,,,,,,4000.0,200.0,100.0,200.0,5.0,,,,,,,,,,,
379.6364189740442,124.0939581676858,347.21682482900223,191.5211239251473,1108.730523907488,917.2093999823408,0.028264671269063176,42.580942635762675,0.3268758000168844,124.0939581676858,0.8072513996267662,917.2093999823408,0.3268758000168844,0.046629615128040314,0.046629615128040314,0.21605550049554015,0.19788569540799472,0.5860588040964652,0.027271285487277613,0.19317284226417542,1.549404268769585,0.60816773325651,1549.404268769585,608.16773325651,2951.163023193815,1239.9739085378596,1394.2371722465086,378.99539256231355,0.1103381546171021,0.053728246720611085,-276.1395263671875,88.23448944091797,90.35613250732422,33.93516159057617,-14.58048152923584,33.385597229003906,5.104604244232178,31.713438034057617,-43.395286560058594,31.941585540771484,0.05973449721932411,0.046629615128040314,-19.899072647094727,12.000983238220215,68.74552917480469,12.000983238220215,577.9346133886871,163.6943044498232,1742.1069019200831,664.6530544399014,3121.8266735858856,430.45548044585047,TD,data\td\F20_10_03.wav|data\td\F4_02_01.wav|data\td\F8_09_06.wav|data\td\M22_04_04.wav|data\td\F21_07_07.wav|data\td\F16_04_01.wav|data\td\M20_01_03.wav|data\td\M2_03_04.wav|data\td\F12_05_02.wav|data\td\F5_06_08.wav|data\td\M13_06_01.wav|data\td\F22_09_06.wav|data\td\F24_10_08.wav|data\td\F12_02_10.wav|data\td\F22_08_08.wav|data\td\F13_06_08.wav|data\td\F12_09_09.wav|data\td\F15_08_04.wav|data\td\F16_05_04.wav|data\td\M24_03_05.wav,merged_td_121,td,-10.567055702209473,18.277734756469727,-18.587360382080078,16.087038040161133,-9.826910972595215,15.81353759765625,-10.346832275390625,13.432849884033203,-6.732025146484375,12.08343505859375,-3.773240566253662,11.564811706542969,-6.1118950843811035,11.547643661499023,-6.746607303619385,12.47450065612793,0.31327304244041443,0.3388402760028839,0.26630502939224243,0.3142552077770233,0.2589544355869293,0.32228702306747437,0.26064592599868774,0.31168538331985474,0.2730722427368164,0.3259482681751251,0.24723026156425476,0.30486053228378296,0.23177281022071838,0.29913175106048584,0.23805198073387146,0.30449920892715454,0.2661339342594147,0.32770222425460815,0.2831421494483948,0.3273501992225647,0.30302029848098755,0.3294562101364136,0.3392752408981323,0.35299837589263916,-0.02437708154148956,3.817125930893419e-05,0.015590445441501854,59.951781782079,1.3565182973684668e-06,,,,,,,,,,,,,,,,,,,,,,,,,,,,,,,,,,,,,,,,,4000.0,200.0,100.0,200.0,5.0,,,,,,,,,,,
351.67885957579426,72.33861016917278,335.38934511626763,193.74649219115264,850.0239694538641,656.2774772627115,-0.07474510883526253,23.891638763893663,0.2056950771975029,72.33861016917278,0.8205811783524394,656.2774772627115,0.2056950771975029,0.04697129502892494,0.04697129502892494,0.18362040948976274,0.18134546636334092,0.6350341241468963,0.022645987829889993,0.20344974100589752,1.5184933449914562,0.6809653926006569,1518.493344991456,680.965392600657,2833.3756831511596,1345.9843959549519,1359.8724792554997,417.3417464697293,0.11060566140695814,0.060170605396623174,-292.1220397949219,90.5098876953125,89.30818176269531,38.14319610595703,-7.6780924797058105,35.32154083251953,7.533386707305908,33.39287567138672,-36.416107177734375,28.957691192626953,0.055046092718839645,0.04697129502892494,-21.64878273010254,12.843976974487305,73.87466430664062,12.843976974487305,560.9548521017126,156.2230281132041,1730.5241307732229,635.9718863110368,3091.6035288012454,413.4484213427843,TD,data\td\M20_02_05.wav|data\td\F1_02_10.wav|data\td\F12_02_07.wav|data\td\F13_09_03.wav|data\td\M25_07_10.wav|data\td\F17_02_06.wav|data\td\M23_07_08.wav|data\td\F6_02_10.wav|data\td\F20_01_05.wav|data\td\M10_04_04.wav|data\td\M18_01_10.wav|data\td\F19_04_08.wav|data\td\F21_06_01.wav|data\td\M13_04_06.wav|data\td\M17_04_06.wav|data\td\M17_08_03.wav|data\td\F25_10_10.wav|data\td\F11_10_08.wav|data\td\F11_06_09.wav|data\td\F16_01_08.wav,merged_td_122,td,-13.969550132751465,20.073020935058594,-15.668769836425781,16.99308204650879,-11.340548515319824,17.356945037841797,-9.574813842773438,13.09219741821289,-7.349586486816406,12.325712203979492,-4.5297441482543945,11.049500465393066,-5.379188537597656,10.431822776794434,-5.629079341888428,11.162717819213867,0.29513639211654663,0.3235031068325043,0.28818097710609436,0.3253834843635559,0.26718905568122864,0.3198365569114685,0.25334885716438293,0.304191917181015,0.27004560828208923,0.3275166451931,0.2425580769777298,0.299635648727417,0.2151438593864441,0.29052767157554626,0.20236998796463013,0.28151369094848633,0.24157731235027313,0.3036648631095886,0.33645662665367126,0.3488788604736328,0.38807448744773865,0.36299929022789,0.3461739420890808,0.34406474232673645,-0.012704409675427934,-5.04670258230817e-06,0.000631628969780396,33.23945568846716,3.6532272526464164e-06,,,,,,,,,,,,,,,,,,,,,,,,,,,,,,,,,,,,,,,,,4000.0,200.0,100.0,200.0,5.0,,,,,,,,,,,
389.8493888058719,127.48795276214234,355.3326333920185,234.43211035826653,1147.8298213936969,913.3977110354303,-0.0046102011896476825,45.2837840028901,0.3270184753980102,127.48795276214234,0.751266328978939,913.3977110354303,0.3270184753980102,0.04517592117190361,0.04517592117190361,0.22577209797657083,0.1966631167909123,0.5775647852325169,0.02735236205556897,0.21213272213935852,1.62890548999959,0.7725315761560464,1628.9054899995901,772.5315761560464,3033.726422953879,1449.4011604394523,1435.1972574418253,442.51940617741093,0.11659898506231671,0.06933468339209616,-301.0157775878906,85.49229431152344,82.7929916381836,38.85574722290039,0.43451330065727234,36.3101806640625,0.6024086475372314,36.267391204833984,-42.751731872558594,30.865921020507812,0.05319072678685188,0.04517592117190361,-20.135988235473633,12.566943168640137,62.87828063964844,12.566943168640137,568.3030617540219,148.68708270699457,1779.6782563570316,677.9364653805288,3124.317592112091,438.60976764018574,TD,data\td\M12_09_03.wav|data\td\M16_10_05.wav|data\td\F4_01_06.wav|data\td\F7_07_01.wav|data\td\F15_02_07.wav|data\td\M11_06_02.wav|data\td\M21_08_08.wav|data\td\M1_02_01.wav|data\td\F14_03_04.wav|data\td\F21_07_06.wav|data\td\M21_10_08.wav|data\td\M17_02_03.wav|data\td\F19_04_01.wav|data\td\F19_04_05.wav|data\td\M15_01_06.wav|data\td\F19_05_05.wav|data\td\F19_03_08.wav|data\td\M21_07_08.wav|data\td\F2_03_01.wav|data\td\M13_05_06.wav,merged_td_123,td,-13.194950103759766,20.874217987060547,-19.71542739868164,16.563657760620117,-10.180571556091309,17.162233352661133,-10.78469467163086,14.0973539352417,-4.985257148742676,12.97365951538086,-6.033085823059082,11.386445045471191,-2.9829349517822266,10.365724563598633,-5.536665439605713,10.836323738098145,0.3093203902244568,0.3277764320373535,0.3033260405063629,0.3395831882953644,0.29154008626937866,0.33141881227493286,0.26950615644454956,0.31240907311439514,0.27571842074394226,0.32991212606430054,0.24158364534378052,0.30986905097961426,0.20238317549228668,0.2718013525009155,0.22298291325569153,0.29642191529273987,0.2631748616695404,0.31345924735069275,0.30025625228881836,0.3354770839214325,0.30628761649131775,0.3266622722148895,0.3339499533176422,0.35014811158180237,-0.0314825595499575,-1.547772616503493e-05,0.003133081149492572,63.335670483355415,1.9687772102811267e-06,,,,,,,,,,,,,,,,,,,,,,,,,,,,,,,,,,,,,,,,,4000.0,200.0,100.0,200.0,5.0,,,,,,,,,,,
416.60794194133416,150.89172077860073,369.9944227116344,66.16637698451642,1181.4638024466317,1115.2974254621154,0.2651734373767942,51.97837481672724,0.3621911768543505,150.89172077860073,0.7219408157824581,1115.2974254621154,0.3621911768543505,0.04997353255748749,0.04997353255748749,0.2589582563723679,0.21647580347247874,0.5245659401551533,0.03548677436909318,0.20508995652198792,1.63448335560167,0.6711337695513678,1634.48335560167,671.1337695513678,3036.5569181551587,1343.4569574020927,1409.3230856001142,413.5475965321144,0.11983913664689416,0.06344103401333562,-284.4889221191406,94.9048843383789,84.76287078857422,38.680015563964844,-16.119285583496094,38.71450424194336,-1.6753565073013306,32.102413177490234,-44.76617431640625,33.42042541503906,0.05767352879047394,0.04997353255748749,-22.015033721923828,12.863870620727539,75.02025604248047,12.863870620727539,627.5454073689673,178.42705942759534,1682.615464452517,648.2727912403568,3121.4945511157243,425.1015804729621,TD,data\td\F8_04_10.wav|data\td\F15_02_10.wav|data\td\M11_02_07.wav|data\td\F17_04_09.wav|data\td\F4_05_04.wav|data\td\F7_05_07.wav|data\td\F12_10_03.wav|data\td\F12_08_05.wav|data\td\F21_07_10.wav|data\td\F12_09_02.wav|data\td\M24_10_06.wav|data\td\M2_03_10.wav|data\td\M12_04_05.wav|data\td\F5_06_01.wav|data\td\F3_07_10.wav|data\td\M12_08_07.wav|data\td\F8_05_08.wav|data\td\M21_09_05.wav|data\td\M17_06_10.wav|data\td\F11_10_06.wav,merged_td_124,td,-10.860339164733887,19.41876220703125,-16.47905731201172,16.553974151611328,-5.153721332550049,16.443126678466797,-8.116215705871582,14.728902816772461,-5.882706642150879,14.413529396057129,-6.108429431915283,12.250941276550293,-4.908876419067383,11.079473495483398,-8.422259330749512,11.028382301330566,0.3398508131504059,0.33604493737220764,0.2911539673805237,0.3220938742160797,0.25366470217704773,0.3055800795555115,0.25509577989578247,0.30499693751335144,0.2885798215866089,0.33614423871040344,0.29761067032814026,0.33124032616615295,0.30850479006767273,0.33958786725997925,0.2684493362903595,0.31816524267196655,0.23155218362808228,0.29225561022758484,0.25215184688568115,0.3053150773048401,0.28294211626052856,0.310855507850647,0.34116077423095703,0.342572420835495,0.04234413395817275,4.1097604933220815e-05,0.001668682613976682,72.27258431418069,1.0834363238013154e-06,,,,,,,,,,,,,,,,,,,,,,,,,,,,,,,,,,,,,,,,,4000.0,200.0,100.0,200.0,5.0,,,,,,,,,,,
399.03760613780656,129.76113220746012,369.9944227116344,176.64303400994282,1230.213542077537,1053.5705080675943,-0.08517044166533413,49.177628123078286,0.3251852211709777,129.76113220746012,0.7353805073431242,1053.5705080675943,0.3251852211709777,0.052813418209552765,0.052813418209552765,0.244823828550672,0.20886305848165637,0.5463131129676716,0.031304942684186335,0.2248787134885788,1.5639804808412525,0.7205746348269934,1563.9804808412525,720.5746348269934,2874.468040720961,1402.343479135392,1371.1653116373009,438.6943432521732,0.11588902390687583,0.061968532962472025,-289.1134948730469,96.8857192993164,87.18974304199219,37.08867263793945,-13.94265079498291,38.76660919189453,-7.293263912200928,32.14849090576172,-37.9659309387207,29.812530517578125,0.0570785216987133,0.052813418209552765,-23.441808700561523,13.14210033416748,70.49911499023438,13.14210033416748,609.28,163.99332900735126,1606.5144715447157,582.4774787209427,3085.237073170732,418.4451552599214,TD,data\td\F6_02_06.wav|data\td\M18_01_05.wav|data\td\F20_01_08.wav|data\td\F22_01_06.wav|data\td\M19_07_06.wav|data\td\M19_08_04.wav|data\td\F4_02_05.wav|data\td\F1_02_02.wav|data\td\F21_02_03.wav|data\td\F14_03_02.wav|data\td\M16_04_08.wav|data\td\F6_04_02.wav|data\td\M3_09_09.wav|data\td\M19_01_06.wav|data\td\M11_03_03.wav|data\td\M2_07_10.wav|data\td\F7_02_02.wav|data\td\M10_01_01.wav|data\td\F25_03_06.wav|data\td\F13_09_10.wav,merged_td_125,td,-11.71776008605957,20.34360694885254,-18.94506072998047,16.53810691833496,-6.401724338531494,16.04692268371582,-7.867209434509277,13.216267585754395,-5.318535327911377,12.632314682006836,-6.600705623626709,11.597724914550781,-5.678779125213623,10.327831268310547,-8.186107635498047,10.44062328338623,0.31612110137939453,0.32192203402519226,0.31754761934280396,0.33879464864730835,0.28045883774757385,0.3080328106880188,0.28668272495269775,0.322470486164093,0.28790244460105896,0.326046884059906,0.2677135169506073,0.3146660029888153,0.2558465301990509,0.3087978661060333,0.2621195912361145,0.313291996717453,0.2727417051792145,0.31336358189582825,0.2952384650707245,0.3314054012298584,0.313070684671402,0.3343600034713745,0.3220843970775604,0.3346826434135437,0.0004159772839956467,3.5836554888121966e-06,-0.0046044659785377615,68.97100860286046,3.496908198716731e-06,,,,,,,,,,,,,,,,,,,,,,,,,,,,,,,,,,,,,,,,,4000.0,200.0,100.0,200.0,5.0,,,,,,,,,,,
392.2999258225538,154.95698566298807,357.39105439674364,170.6259238017108,1258.9684205430274,1088.3424967413166,-0.05212821998747773,52.11342119869505,0.3949962145368303,154.95698566298807,0.7920554518794988,1088.3424967413166,0.3949962145368303,0.04223793372511864,0.04223793372511864,0.2249158249158249,0.1925925925925926,0.5824915824915825,0.02955211066665438,0.2084137499332428,1.652688682968452,0.6799636837740701,1652.688682968452,679.9636837740701,3063.401842841909,1220.322517669097,1400.7138083183065,355.47506487886335,0.12266885080645161,0.07028033240900827,-285.7366638183594,89.4014663696289,83.46920776367188,35.76385498046875,-15.901253700256348,34.8943977355957,8.601934432983398,30.00952911376953,-44.06452941894531,31.480545043945312,0.05172089859843254,0.04223793372511864,-19.098140716552734,11.946000099182129,60.95866775512695,11.946000099182129,600.9756097560976,169.28613315607035,1820.072651790348,665.9166392900532,3084.1307732226264,413.876053529655,TD,data\td\F1_07_06.wav|data\td\M20_03_09.wav|data\td\M16_04_01.wav|data\td\F14_09_08.wav|data\td\M15_06_10.wav|data\td\F6_08_01.wav|data\td\F3_06_01.wav|data\td\F9_06_03.wav|data\td\F7_03_02.wav|data\td\F21_09_03.wav|data\td\F12_08_08.wav|data\td\M15_03_03.wav|data\td\F22_02_07.wav|data\td\M2_07_03.wav|data\td\F6_10_02.wav|data\td\M24_03_07.wav|data\td\F25_05_08.wav|data\td\F3_03_03.wav|data\td\F13_02_09.wav|data\td\F22_09_02.wav,merged_td_126,td,-10.329446792602539,18.84702491760254,-18.708599090576172,16.592815399169922,-6.890451908111572,17.480836868286133,-8.450047492980957,14.48746109008789,-5.836698532104492,12.857221603393555,-4.974578857421875,10.912819862365723,-6.45343542098999,10.963399887084961,-5.522866249084473,12.49427604675293,0.31217628717422485,0.334015429019928,0.32902517914772034,0.3473404049873352,0.2884264588356018,0.3292316794395447,0.2519816756248474,0.3125178813934326,0.2560324966907501,0.31388524174690247,0.26111337542533875,0.31581515073776245,0.276895672082901,0.33132848143577576,0.25786158442497253,0.31532421708106995,0.23339901864528656,0.2836138904094696,0.26369932293891907,0.31680983304977417,0.289301335811615,0.3275168240070343,0.30459025502204895,0.3263528347015381,-0.019478109046480035,-3.2245465032290745e-05,-0.0005664004528285381,73.06437714362964,-8.614518852910699e-07,,,,,,,,,,,,,,,,,,,,,,,,,,,,,,,,,,,,,,,,,4000.0,200.0,100.0,200.0,5.0,,,,,,,,,,,
371.62961657224605,81.33244924076347,351.2512899969259,225.1422562392905,874.9315729594417,649.7893167201512,-0.010228381813061845,26.875942505381794,0.21885351870214081,81.33244924076347,0.8045854438816316,649.7893167201512,0.21885351870214081,0.05052255839109421,0.05052255839109421,0.19854159761352336,0.1706993702353331,0.6307590321511435,0.022751764526586404,0.20527032017707825,1.5674955275362004,0.6299713396871129,1567.4955275362004,629.971339687113,2874.175219941349,1260.843579435697,1348.148037374857,392.9459271326119,0.1159375728972274,0.05595342986472305,-295.9670715332031,95.7644271850586,85.99928283691406,35.33647918701172,-21.204153060913086,39.710872650146484,1.1059542894363403,33.193260192871094,-40.084068298339844,28.30061149597168,0.055087026208639145,0.05052255839109421,-22.072599411010742,12.608935356140137,58.326812744140625,12.608935356140137,597.280747275558,177.56473204055982,1680.8303061754023,557.1798017479462,3052.8282304099635,377.32304467118337,TD,data\td\F4_05_02.wav|data\td\M1_04_07.wav|data\td\M25_05_09.wav|data\td\M22_09_10.wav|data\td\F21_07_02.wav|data\td\F20_03_06.wav|data\td\F7_06_09.wav|data\td\M11_07_09.wav|data\td\M10_09.wav|data\td\M16_07_08.wav|data\td\M10_04_07.wav|data\td\M15_04_06.wav|data\td\F6_03_08.wav|data\td\F3_03_04.wav|data\td\F14_03_05.wav|data\td\F15_10_10.wav|data\td\F16_01_04.wav|data\td\M12_02_10.wav|data\td\F19_02_04.wav|data\td\M10_03_07.wav,merged_td_127,td,-13.68724250793457,21.581798553466797,-19.66578483581543,16.681875228881836,-8.758370399475098,17.025590896606445,-9.122366905212402,14.356449127197266,-7.784855365753174,11.91076946258545,-6.6822285652160645,12.067198753356934,-7.016837120056152,11.816987037658691,-5.747822284698486,12.310293197631836,0.2915429472923279,0.3175743818283081,0.25257447361946106,0.3114038407802582,0.23810945451259613,0.3024002015590668,0.2657202482223511,0.32344233989715576,0.2860313951969147,0.3331817090511322,0.2942195236682892,0.3369656205177307,0.266235888004303,0.3111966550350189,0.24022124707698822,0.3100002110004425,0.22422458231449127,0.2832089364528656,0.25983962416648865,0.31658080220222473,0.3096342384815216,0.3345176577568054,0.33662930130958557,0.35509201884269714,0.007011938880398473,2.7058720288553002e-05,-0.0017109147970472182,37.140360537582225,-6.936083716340637e-07,,,,,,,,,,,,,,,,,,,,,,,,,,,,,,,,,,,,,,,,,4000.0,200.0,100.0,200.0,5.0,,,,,,,,,,,
364.17237732282695,88.79957668209065,353.2860680198856,75.13221412149176,976.4211354197035,901.2889212982118,-0.012701645149220269,28.852488545423608,0.24383940741165197,88.79957668209065,0.7787256731538257,901.2889212982118,0.24383940741165197,0.04793355613946915,0.04793355613946915,0.20924657534246574,0.1684931506849315,0.6222602739726028,0.026647325566541098,0.20383283495903015,1.5317311852647,0.6427608539010959,1531.7311852647,642.760853901096,2837.6349640095973,1291.478977162206,1359.277132315349,404.29873490471897,0.11246323896960811,0.06757811180349131,-292.5103454589844,101.71941375732422,89.50618743896484,36.00399398803711,-17.617172241210938,40.711483001708984,2.3431589603424072,32.40185546875,-41.13478088378906,31.224655151367188,0.05735711753368378,0.04793355613946915,-21.049833297729492,13.384378433227539,71.158447265625,13.384378433227539,612.143227815257,157.217674041673,1751.2817851582772,640.1114805464722,3030.0778412039444,400.8991283921076,TD,data\td\F7_09_02.wav|data\td\M25_01_10.wav|data\td\M22_09_06.wav|data\td\M23_09_09.wav|data\td\M11_10_07.wav|data\td\F8_01_01.wav|data\td\F24_07_07.wav|data\td\F5_04_05.wav|data\td\M19_06_03.wav|data\td\M24_07_09.wav|data\td\F20_02_05.wav|data\td\F13_10_04.wav|data\td\F24_03_09.wav|data\td\M25_05_02.wav|data\td\F16_04_05.wav|data\td\F24_08_10.wav|data\td\F18_09_08.wav|data\td\M14_04_02.wav|data\td\M23_05_10.wav|data\td\F11_08_05.wav,merged_td_128,td,-14.052947998046875,19.106536865234375,-20.13296890258789,17.246381759643555,-8.504790306091309,17.184946060180664,-7.185323715209961,12.364188194274902,-4.321723937988281,12.426868438720703,-4.556363105773926,12.62403392791748,-5.91071081161499,10.211287498474121,-6.422802925109863,10.80203914642334,0.3375034034252167,0.3439818024635315,0.3251183032989502,0.33353808522224426,0.30728310346603394,0.3369143307209015,0.27250078320503235,0.3177364468574524,0.24974486231803894,0.3123760521411896,0.2583785951137543,0.31522008776664734,0.25557002425193787,0.3094088137149811,0.25060954689979553,0.3151703476905823,0.2470593899488449,0.30372196435928345,0.27409735321998596,0.32320693135261536,0.2877212464809418,0.3219565749168396,0.3144567608833313,0.33445119857788086,-0.007351767133147258,-2.4307226555456232e-05,0.0010535868639690517,39.67972203900566,-3.487087243050365e-06,,,,,,,,,,,,,,,,,,,,,,,,,,,,,,,,,,,,,,,,,4000.0,200.0,100.0,200.0,5.0,,,,,,,,,,,
391.99417274850316,115.39786197395193,367.86341164694414,67.7129427339704,905.7859682462729,838.0730255123025,0.10118932508341992,35.98324863689699,0.2943866771407065,115.39786197395193,0.7797920554518795,838.0730255123025,0.2943866771407065,0.04980264604091644,0.04980264604091644,0.21409028727770177,0.18946648426812585,0.5964432284541724,0.028256076644407723,0.19800274074077606,1.5336613063696638,0.6960709005132215,1533.6613063696639,696.0709005132215,2845.930668488403,1333.9545010921995,1372.2678513283129,406.17125477537445,0.11161750095807785,0.06362003571053566,-293.9284973144531,89.78857421875,81.6120376586914,37.106544494628906,-8.125685691833496,36.433067321777344,-2.213395357131958,30.613832473754883,-40.58232879638672,29.17439842224121,0.05753235146403313,0.04980264604091644,-22.905879974365234,13.096409797668457,65.96320343017578,13.096409797668457,600.3113648157758,165.83108077746965,1701.5049299429168,640.6987957108566,3134.073689673067,418.3763116193372,TD,data\td\F22_04_05.wav|data\td\F2_02_03.wav|data\td\M18_07_08.wav|data\td\F5_06_10.wav|data\td\F18_03_07.wav|data\td\M23_05_04.wav|data\td\F1_08_06.wav|data\td\M12_08_05.wav|data\td\M21_09_04.wav|data\td\F16_09_06.wav|data\td\F11_07_05.wav|data\td\F5_01_10.wav|data\td\F18_02_04.wav|data\td\M15_01_07.wav|data\td\F14_04_09.wav|data\td\M23_06_09.wav|data\td\F7_10_05.wav|data\td\M18_05_05.wav|data\td\F4_06_09.wav|data\td\M12_08_02.wav,merged_td_129,td,-12.705280303955078,20.274003982543945,-18.792863845825195,17.281831741333008,-9.365922927856445,16.573732376098633,-7.251555442810059,14.03277587890625,-3.615061044692993,12.715425491333008,-5.372848033905029,11.430965423583984,-4.649198055267334,10.142807960510254,-7.046553611755371,11.468865394592285,0.28798672556877136,0.32848143577575684,0.3171563148498535,0.34849944710731506,0.31285127997398376,0.3306982219219208,0.29581934213638306,0.3259817361831665,0.2619704306125641,0.321557879447937,0.24211867153644562,0.31211021542549133,0.23663754761219025,0.3045734763145447,0.2652517855167389,0.31836116313934326,0.28150057792663574,0.3223111629486084,0.27894026041030884,0.3267037868499756,0.2578236758708954,0.3148016035556793,0.2656433880329132,0.32537734508514404,-0.011972647349472633,1.0673685914460449e-05,0.0010370040928019796,50.506308827906835,2.6392891875819783e-06,,,,,,,,,,,,,,,,,,,,,,,,,,,,,,,,,,,,,,,,,4000.0,200.0,100.0,200.0,5.0,,,,,,,,,,,
367.5981216679574,80.61520962202643,347.21682482900223,226.44649206156825,774.9859687646107,548.5394767030424,-0.07521135776714793,22.74705550264054,0.21930256133039824,80.61520962202643,0.8563049853372434,548.5394767030424,0.21930256133039824,0.047467190772295,0.047467190772295,0.1737776393646839,0.18125194643413267,0.6449704142011834,0.020922754126858466,0.2059478461742401,1.6357334033544746,0.6724075606088626,1635.7334033544746,672.4075606088627,3044.527709277526,1337.1179585470752,1415.778961209306,394.03777018035964,0.116252332711277,0.058281178146641514,-284.3030090332031,88.3210220336914,78.76921081542969,35.22102737426758,-11.036073684692383,34.89571762084961,4.41420841217041,34.46866989135742,-41.502506256103516,30.336872100830078,0.05633900314569473,0.047467190772295,-22.280797958374023,12.062718391418457,72.2940444946289,12.062718391418457,585.9055526725481,156.69744727445698,1724.0062272963157,657.7368450025161,3126.600934094447,409.2885964689864,TD,data\td\M2_02_06.wav|data\td\F4_02_02.wav|data\td\M21_06_07.wav|data\td\F19_10_02.wav|data\td\F5_07_08.wav|data\td\M22_04_02.wav|data\td\M1_06_07.wav|data\td\M17_10_02.wav|data\td\F24_05_03.wav|data\td\M21_05_08.wav|data\td\M17_01_03.wav|data\td\F18_05_02.wav|data\td\F25_07_10.wav|data\td\F11_08_10.wav|data\td\F9_05_06.wav|data\td\F5_04_07.wav|data\td\F16_08_08.wav|data\td\F23_09_09.wav|data\td\F20_01_01.wav|data\td\F25_06_09.wav,merged_td_130,td,-12.09609317779541,18.582515716552734,-20.783422470092773,16.533039093017578,-9.807839393615723,16.585317611694336,-11.015693664550781,14.544136047363281,-5.02716064453125,11.594782829284668,-6.2171525955200195,11.220342636108398,-7.4145989418029785,10.487940788269043,-6.0694804191589355,11.102363586425781,0.2985830008983612,0.3333112597465515,0.2737441956996918,0.32526615262031555,0.24757574498653412,0.3093426823616028,0.2471073418855667,0.31372490525245667,0.2423153966665268,0.305745393037796,0.23800531029701233,0.3054932653903961,0.21704651415348053,0.2873760461807251,0.24196279048919678,0.3109796345233917,0.2673468589782715,0.31089651584625244,0.3025713264942169,0.33568575978279114,0.3263965845108032,0.34316810965538025,0.31581857800483704,0.3411808907985687,0.015311942543109958,3.151698766284697e-05,-0.02261091875056264,32.077737002103575,1.9637758067720136e-06,,,,,,,,,,,,,,,,,,,,,,,,,,,,,,,,,,,,,,,,,4000.0,200.0,100.0,200.0,5.0,,,,,,,,,,,
369.81529076939535,108.08139185497605,349.2282314330038,65.40639132514966,1077.167118108097,1011.7607267829472,0.03501656558434096,37.840142060958826,0.29225776908822315,108.08139185497605,0.750733137829912,1011.7607267829472,0.29225776908822315,0.05062659829854965,0.05062659829854965,0.19325044404973357,0.18152753108348135,0.6252220248667851,0.027400535744757096,0.20653517544269562,1.6599388253557756,0.7436868961778799,1659.9388253557756,743.6868961778798,3051.8299286856836,1407.6649416948762,1437.9066601339246,412.70792652163095,0.12241071651726207,0.06810274879174676,-298.5206604003906,99.63272094726562,78.63400268554688,38.93490219116211,-8.857605934143066,37.59542465209961,-1.272613763809204,33.32495880126953,-37.93752670288086,29.15740394592285,0.05369157716631889,0.05062659829854965,-25.788593292236328,13.852779388427734,80.0,13.852779388427734,597.8619615983395,168.8089387874287,1691.001556824079,614.9325789149905,3127.721847431241,440.5787317101024,TD,data\td\M25_09_10.wav|data\td\F18_03_09.wav|data\td\M10_04_05.wav|data\td\F15_05_06.wav|data\td\F17_01_10.wav|data\td\M23_10_01.wav|data\td\M22_03_07.wav|data\td\M14_04_09.wav|data\td\M3_01_04.wav|data\td\F3_07_02.wav|data\td\F6_09_03.wav|data\td\F5_08_08.wav|data\td\F1_10_02.wav|data\td\M17_06_02.wav|data\td\F18_04_08.wav|data\td\M18_03_03.wav|data\td\M11_02_06.wav|data\td\F9_09_07.wav|data\td\F7_09_09.wav|data\td\F11_07_10.wav,merged_td_131,td,-11.209660530090332,20.58333969116211,-20.675765991210938,18.973941802978516,-8.306512832641602,15.757430076599121,-9.03601360321045,13.45633602142334,-5.421672821044922,12.07112979888916,-5.262552738189697,11.785602569580078,-5.0685858726501465,10.992566108703613,-7.448135852813721,11.684392929077148,0.32284092903137207,0.3249957263469696,0.32384780049324036,0.33886778354644775,0.28466102480888367,0.31478288769721985,0.26435649394989014,0.3034098446369171,0.28676116466522217,0.3272732198238373,0.2847338020801544,0.3144364655017853,0.2854158580303192,0.3310050964355469,0.2582128942012787,0.3059298098087311,0.24259071052074432,0.2915801405906677,0.28162190318107605,0.31316569447517395,0.35495707392692566,0.35394158959388733,0.3557204604148865,0.33997443318367004,0.011908213810044607,-4.1983332236725975e-06,-0.0283726983389426,53.12594671282183,4.221010220686368e-07,,,,,,,,,,,,,,,,,,,,,,,,,,,,,,,,,,,,,,,,,4000.0,200.0,100.0,200.0,5.0,,,,,,,,,,,
366.4402527146957,95.10728863035192,345.2170030745703,230.40470702053787,1058.6620317522627,828.2573247317248,-0.02517179416563503,33.01572275711931,0.2595437808094758,95.10728863035192,0.8076030179918746,828.2573247317248,0.2595437808094758,0.05323578789830208,0.05323578789830208,0.2260963335729691,0.2048885693745507,0.5690150970524802,0.024927561101889133,0.2107742726802826,1.4505636011208776,0.6338882183393635,1450.5636011208776,633.8882183393634,2678.785185722577,1319.0811877395108,1331.932744269516,405.05643267292197,0.10730370130223447,0.05227117845448701,-289.1835021972656,88.39441680908203,90.48939514160156,36.70580291748047,-8.328356742858887,35.29887390136719,-4.82321310043335,29.450422286987305,-36.87699890136719,28.27692413330078,0.05840505287051201,0.05323578789830208,-24.353796005249023,13.118069648742676,72.08406066894531,13.118069648742676,596.6546482856133,165.09937235089856,1625.541180629198,594.8641917743737,3113.6260162601625,421.889569799327,TD,data\td\F2_02_02.wav|data\td\M13_09_07.wav|data\td\M1_10_05.wav|data\td\M12_02_06.wav|data\td\M10_01_05.wav|data\td\F19_08_05.wav|data\td\F9_07_06.wav|data\td\M1_01_07.wav|data\td\F1_02_07.wav|data\td\F15_01_10.wav|data\td\M15_01_08.wav|data\td\F25_05_02.wav|data\td\M23_03_10.wav|data\td\M11_08_05.wav|data\td\M13_08_04.wav|data\td\F8_08_09.wav|data\td\F23_10_07.wav|data\td\F13_04_05.wav|data\td\F12_08_03.wav|data\td\F23_09_04.wav,merged_td_132,td,-11.773340225219727,19.524187088012695,-20.414112091064453,16.956377029418945,-8.92036247253418,16.290451049804688,-7.783185005187988,13.666702270507812,-4.993124961853027,12.405169486999512,-4.720796585083008,11.397409439086914,-5.026664733886719,9.93756103515625,-6.504815578460693,10.610898971557617,0.2867562472820282,0.3312615156173706,0.27582740783691406,0.32693690061569214,0.2773364782333374,0.31440144777297974,0.3185911178588867,0.3491190969944,0.28203365206718445,0.3247421085834503,0.23505276441574097,0.3022827208042145,0.2223345786333084,0.2983241379261017,0.2424936145544052,0.3066810071468353,0.281438410282135,0.32479342818260193,0.305403470993042,0.34042754769325256,0.30091235041618347,0.3399258255958557,0.29444456100463867,0.33303600549697876,0.0002387543962783689,-3.9664366316623145e-05,0.0017624466066108184,45.400430103442325,-1.2344056068211213e-07,,,,,,,,,,,,,,,,,,,,,,,,,,,,,,,,,,,,,,,,,4000.0,200.0,100.0,200.0,5.0,,,,,,,,,,,
369.3015526546766,113.59286909071,338.30930870852956,115.86971395503193,1089.6831971321476,973.8134831771157,0.057086171371711916,37.822336359643934,0.3075883875227773,113.59286909071,0.7811250333244468,973.8134831771157,0.3075883875227773,0.045781854540109634,0.045781854540109634,0.20757937862751794,0.1802663024923182,0.6121543188801639,0.026216340103174716,0.20886537432670593,1.5910456101002277,0.6695885926303604,1591.0456101002278,669.5885926303604,2991.160690482538,1318.1996441301892,1407.0412195602144,402.64400999438016,0.11434424778392428,0.06059269476474482,-291.97332763671875,88.39690399169922,86.04444122314453,35.054203033447266,-8.091020584106445,38.1616325378418,-1.4446866512298584,29.810199737548828,-40.57573318481445,32.07255554199219,0.05316316708922386,0.045781854540109634,-20.043230056762695,11.993888854980469,53.21457290649414,11.993888854980469,586.61131292164,167.0231610428242,1703.2485729112611,656.9576587681742,3132.3300467047225,444.496072577264,TD,data\td\M2_01_07.wav|data\td\F18_01_09.wav|data\td\F8_06_01.wav|data\td\F2_01_10.wav|data\td\M15_07_08.wav|data\td\M3_04_04.wav|data\td\M1_04_10.wav|data\td\M13_01_04.wav|data\td\F23_10_09.wav|data\td\M16_07_01.wav|data\td\F5_05_08.wav|data\td\F21_09_09.wav|data\td\M21_10_06.wav|data\td\F2_06_06.wav|data\td\M18_04_06.wav|data\td\F2_05_02.wav|data\td\M13_03_02.wav|data\td\M25_07_08.wav|data\td\M1_10_01.wav|data\td\F1_01_08.wav,merged_td_133,td,-7.527457237243652,18.369585037231445,-22.3253173828125,17.524551391601562,-9.32870864868164,15.74834156036377,-8.590182304382324,13.521846771240234,-6.045217990875244,13.001107215881348,-4.759010314941406,11.212026596069336,-4.576484203338623,10.369261741638184,-7.0732221603393555,10.796374320983887,0.2741067409515381,0.3166077435016632,0.2674207389354706,0.32171013951301575,0.2695097029209137,0.30969345569610596,0.30257999897003174,0.33781659603118896,0.2811169922351837,0.32439911365509033,0.2507314383983612,0.31270283460617065,0.22104404866695404,0.2899918854236603,0.23810452222824097,0.30370962619781494,0.29183533787727356,0.3271524906158447,0.32015398144721985,0.3403565585613251,0.3194883465766907,0.3362731635570526,0.3020336627960205,0.3359632194042206,0.0025886709937288444,4.843900086017718e-05,0.006708152792120746,53.28624410286706,-3.779031727089797e-06,,,,,,,,,,,,,,,,,,,,,,,,,,,,,,,,,,,,,,,,,4000.0,200.0,100.0,200.0,5.0,,,,,,,,,,,
380.39777602375267,113.42283097623371,357.39105439674364,248.37216905734888,1077.167118108097,828.7949490507481,-0.15262483416725725,44.949763557612094,0.29816901707950944,113.42283097623371,0.7757931218341776,828.7949490507481,0.29816901707950944,0.0509076863527298,0.0509076863527298,0.2227569611550361,0.20385012031625988,0.573392918528704,0.027267394553637154,0.20691116154193878,1.4719516981685505,0.5995493456152355,1471.9516981685506,599.5493456152356,2758.1686550253266,1243.798788406959,1339.220312301504,388.9457259691838,0.10724158453579045,0.051929201710050756,-289.37078857421875,93.14759063720703,87.38801574707031,36.11289978027344,-10.162896156311035,38.23245620727539,-1.0970277786254883,30.059438705444336,-39.28438186645508,28.7694034576416,0.05754844844341278,0.0509076863527298,-24.523836135864258,13.341028213500977,73.28667449951172,13.341028213500977,602.5116761805916,162.10617063606435,1689.091852620654,628.9454076059977,3087.0783601453036,415.6787704495104,TD,data\td\M1_08_04.wav|data\td\M11_08_07.wav|data\td\F16_03_08.wav|data\td\F6_10_05.wav|data\td\F16_02_04.wav|data\td\M22_04_06.wav|data\td\F24_04_03.wav|data\td\F8_02_07.wav|data\td\F3_06_03.wav|data\td\F16_05_02.wav|data\td\M19_10_03.wav|data\td\M24_05_07.wav|data\td\F5_02_02.wav|data\td\M18_06_01.wav|data\td\M13_03_05.wav|data\td\F17_01_08.wav|data\td\M16_10_09.wav|data\td\F22_02_03.wav|data\td\F7_02_06.wav|data\td\M17_02_05.wav,merged_td_134,td,-12.201008796691895,19.932504653930664,-18.009052276611328,17.051342010498047,-8.839327812194824,16.462461471557617,-8.226794242858887,13.786948204040527,-5.111976623535156,12.152640342712402,-4.341819763183594,10.629996299743652,-6.034090995788574,10.29705810546875,-5.751821517944336,10.51229190826416,0.35415029525756836,0.3365621566772461,0.33701276779174805,0.34371450543403625,0.2656687796115875,0.3060119152069092,0.242141455411911,0.30915066599845886,0.24808645248413086,0.30898550152778625,0.24646298587322235,0.3089042901992798,0.230442613363266,0.29421448707580566,0.25035741925239563,0.3145182430744171,0.2545546591281891,0.30069735646247864,0.30154600739479065,0.33557742834091187,0.3392813205718994,0.35036420822143555,0.34717682003974915,0.3427668809890747,-0.009899451264710993,-3.0687887509613907e-06,0.03673637616053952,63.842973286926274,-1.0451730181304273e-06,,,,,,,,,,,,,,,,,,,,,,,,,,,,,,,,,,,,,,,,,4000.0,200.0,100.0,200.0,5.0,,,,,,,,,,,
390.57267377595474,178.38094931488763,355.3326333920185,200.5789474828077,1998.4877951647445,1797.9088476819368,-0.018166336776030707,57.53812671100022,0.45671640975377803,178.38094931488763,0.7925886430285257,1797.9088476819368,0.45671640975377803,0.042435139417648315,0.042435139417648315,0.20558546433378197,0.1911170928667564,0.6032974427994616,0.025476918267686166,0.19749149680137634,1.5065498531958297,0.6133471754857629,1506.5498531958297,613.3471754857629,2770.6944814716076,1229.2697475963766,1338.4395501527083,378.55129735786124,0.11002716983804318,0.05419176164834306,-301.5592956542969,94.0989761352539,86.91938781738281,36.240074157714844,-16.332624435424805,37.38716506958008,5.8248677253723145,33.90645217895508,-40.692100524902344,29.996545791625977,0.05382884293794632,0.042435139417648315,-19.459463119506836,13.349306106567383,70.28616333007812,13.349306106567383,590.7628437986508,169.8652013631679,1755.9314997405297,618.0036409889741,3040.6642449403216,376.71263858561974,TD,data\td\F15_07_05.wav|data\td\M23_09_01.wav|data\td\F20_05_03.wav|data\td\F25_10_02.wav|data\td\M2_05_02.wav|data\td\F7_08_01.wav|data\td\F1_07_07.wav|data\td\F18_07_01.wav|data\td\F6_02_03.wav|data\td\F7_10_06.wav|data\td\M19_05_03.wav|data\td\M2_01_08.wav|data\td\F5_02_05.wav|data\td\F14_06_01.wav|data\td\M17_01_10.wav|data\td\M10_01_07.wav|data\td\M23_06_08.wav|data\td\M2_09_07.wav|data\td\M20_06_01.wav|data\td\M24_06_05.wav,merged_td_135,td,-18.016382217407227,21.165456771850586,-19.682340621948242,16.41100311279297,-10.301966667175293,16.91337013244629,-9.543954849243164,14.798884391784668,-5.816084384918213,12.428515434265137,-5.884347438812256,12.415736198425293,-5.437761306762695,10.62038803100586,-7.806133270263672,11.179616928100586,0.2729407548904419,0.3290558457374573,0.2640734016895294,0.3180482089519501,0.2710825800895691,0.31780046224594116,0.30386579036712646,0.33643704652786255,0.2763442099094391,0.3221490979194641,0.2241930216550827,0.2902727723121643,0.22578008472919464,0.3049164414405823,0.24613884091377258,0.302598774433136,0.30113765597343445,0.323618084192276,0.338325560092926,0.35679125785827637,0.27207767963409424,0.3171057403087616,0.2632136046886444,0.3194144368171692,0.012022537534694648,-5.6245550119317424e-05,-0.00081775790340226,80.77450137152945,-1.3108098786286282e-07,,,,,,,,,,,,,,,,,,,,,,,,,,,,,,,,,,,,,,,,,4000.0,200.0,100.0,200.0,5.0,,,,,,,,,,,
366.0613078200093,113.43961851041955,341.2518476034216,109.99999999999999,1372.9147977835373,1262.9147977835373,0.02335926384098053,46.37987653582502,0.3098924035047083,113.43961851041955,0.7589976006398294,1262.9147977835373,0.3098924035047083,0.04950929805636406,0.04950929805636406,0.20520028109627547,0.17884750527055515,0.6159522136331693,0.02672382078346707,0.20340076088905334,1.5432582492869644,0.6777972103141,1543.2582492869644,677.7972103141,2859.143811650227,1344.9538132778732,1392.4096750529495,388.34113972976115,0.11166397294054918,0.06320305395940523,-294.7220153808594,94.1748275756836,90.28144073486328,39.415809631347656,-10.036094665527344,35.052635192871094,0.05674983933568001,33.204376220703125,-39.942623138427734,31.102624893188477,0.058632541447877884,0.04950929805636406,-20.81433868408203,13.23399829864502,67.98688507080078,13.23399829864502,581.1728074727556,168.62039975183743,1669.704203425013,608.2323190535184,3131.126102750389,411.439823361022,TD,data\td\F22_04_06.wav|data\td\M22_09_07.wav|data\td\F17_05_01.wav|data\td\M14_05_06.wav|data\td\F3_07_07.wav|data\td\F22_01_09.wav|data\td\M13_01_10.wav|data\td\M17_10_04.wav|data\td\F6_06_04.wav|data\td\F20_07_03.wav|data\td\M3_02_02.wav|data\td\M12_05_01.wav|data\td\M11_09_03.wav|data\td\M11_03_05.wav|data\td\F4_06_02.wav|data\td\F5_08_07.wav|data\td\M23_03_08.wav|data\td\F16_02_02.wav|data\td\M18_03_01.wav|data\td\F4_04_03.wav,merged_td_136,td,-9.679037094116211,19.975906372070312,-22.20166778564453,18.4083251953125,-8.50045394897461,16.37781524658203,-9.825769424438477,14.353772163391113,-5.611284255981445,12.901345252990723,-6.271508693695068,12.074544906616211,-4.985568523406982,10.687032699584961,-6.434855937957764,11.588217735290527,0.30225029587745667,0.3335054814815521,0.269948273897171,0.3140472173690796,0.26799070835113525,0.3139199912548065,0.27670708298683167,0.323781281709671,0.2660650908946991,0.3214675188064575,0.2356594353914261,0.2966538369655609,0.2322651445865631,0.2951711118221283,0.25454410910606384,0.31276026368141174,0.30221912264823914,0.33187419176101685,0.33623695373535156,0.34715792536735535,0.3246883153915405,0.33257848024368286,0.3238939046859741,0.3403201699256897,-0.01127084311105256,-1.8018820281150546e-05,-0.00473287309414669,64.79110077620918,3.7455569317126947e-06,,,,,,,,,,,,,,,,,,,,,,,,,,,,,,,,,,,,,,,,,4000.0,200.0,100.0,200.0,5.0,,,,,,,,,,,
373.60059584439534,158.1099040345299,335.38934511626763,75.13221412149176,1380.8680122982817,1305.73579817679,-0.017407530611040417,44.14137065601748,0.42320570628956566,158.1099040345299,0.7621967475339909,1305.73579817679,0.42320570628956566,0.05274631828069687,0.05274631828069687,0.20783764870538837,0.20888733379986005,0.5832750174947515,0.03162103878036459,0.20043039321899414,1.5029545117772447,0.6058518485583972,1502.9545117772448,605.8518485583973,2825.7527159424153,1279.7559240373278,1377.7071469250632,397.8692376550723,0.11053836164522794,0.056031688643534826,-285.31951904296875,89.63407135009766,87.88236236572266,33.303592681884766,-8.956155776977539,36.99543380737305,-1.2690048217773438,30.138675689697266,-37.7633056640625,30.032560348510742,0.05686390772461891,0.05274631828069687,-24.115131378173828,12.889799118041992,69.71185302734375,12.889799118041992,583.4561494551116,161.11172964487042,1675.0181629475871,656.9279392182258,3076.6165023352364,411.46616503575825,TD,data\td\F17_03_03.wav|data\td\F16_06_06.wav|data\td\F15_05_05.wav|data\td\M2_07_05.wav|data\td\F23_02_01.wav|data\td\F9_03_06.wav|data\td\F24_09_01.wav|data\td\F6_08_05.wav|data\td\F23_08_09.wav|data\td\M20_01_09.wav|data\td\F3_06_10.wav|data\td\F8_09_10.wav|data\td\M2_01_09.wav|data\td\M10_05_10.wav|data\td\M14_06_09.wav|data\td\F18_06_03.wav|data\td\F21_06_03.wav|data\td\F20_01_03.wav|data\td\M22_09_05.wav|data\td\M2_07_04.wav,merged_td_137,td,-14.043242454528809,19.58005714416504,-16.907377243041992,16.45210075378418,-9.737937927246094,15.17750072479248,-7.769474506378174,13.459525108337402,-4.69874382019043,11.892691612243652,-3.2983505725860596,11.282257080078125,-4.685484886169434,10.19852352142334,-6.421377658843994,11.328063011169434,0.29241088032722473,0.3227425515651703,0.31093868613243103,0.3339906632900238,0.28280362486839294,0.32424646615982056,0.2888981103897095,0.3219756782054901,0.32626137137413025,0.33750152587890625,0.31661316752433777,0.34712904691696167,0.263702392578125,0.3138177990913391,0.24574917554855347,0.30164051055908203,0.25696125626564026,0.30473625659942627,0.2769789397716522,0.31562724709510803,0.2920933961868286,0.3253251016139984,0.2925182282924652,0.32610955834388733,0.0325248077853247,8.07150185231406e-06,0.004150464757894727,60.85382523183619,2.9559905082132867e-06,,,,,,,,,,,,,,,,,,,,,,,,,,,,,,,,,,,,,,,,,4000.0,200.0,100.0,200.0,5.0,,,,,,,,,,,
354.1159700335078,101.36541529243476,325.8414615030442,225.1422562392905,1046.5022612023945,821.360004963104,0.0013317491229860499,44.858037598964344,0.286249206108505,101.36541529243476,0.8032524660090643,821.360004963104,0.286249206108505,0.04859785735607147,0.04859785735607147,0.17031872509960158,0.15703851261620186,0.6726427622841965,0.02227859400706028,0.21468232572078705,1.6358524340066118,0.7183136049411496,1635.852434006612,718.3136049411496,3043.5050653159155,1359.3113545206368,1419.7825864404529,405.201457989843,0.12022392986870167,0.06988476226058961,-285.61871337890625,87.93608856201172,81.98856353759766,35.33605194091797,-9.765507698059082,38.829463958740234,1.2087407112121582,32.99230194091797,-39.55218505859375,29.838523864746094,0.056353289633989334,0.04859785735607147,-21.139816284179688,11.898893356323242,69.22613525390625,11.898893356323242,597.3637778930981,159.67639949073643,1682.8230409963674,607.6525828834132,3114.395433316036,414.1078362090913,TD,data\td\M21_03_01.wav|data\td\M21_06_03.wav|data\td\F9_04_01.wav|data\td\M23_02_07.wav|data\td\M22_10_09.wav|data\td\F22_01_10.wav|data\td\F8_03_04.wav|data\td\F6_02_07.wav|data\td\M19_09_06.wav|data\td\M15_05_09.wav|data\td\F7_06_03.wav|data\td\M25_07_01.wav|data\td\F9_03_07.wav|data\td\F8_10_01.wav|data\td\M2_07_09.wav|data\td\F2_05_09.wav|data\td\F20_09_09.wav|data\td\M19_07_08.wav|data\td\F5_05_03.wav|data\td\F24_08_06.wav,merged_td_138,td,-9.38768196105957,19.934694290161133,-21.88440704345703,17.34803581237793,-10.691990852355957,16.05074691772461,-7.813698768615723,14.19066333770752,-3.550875186920166,11.985702514648438,-4.91798210144043,11.032049179077148,-6.544944763183594,10.367684364318848,-7.10982084274292,11.248292922973633,0.2580113112926483,0.30964168906211853,0.24168112874031067,0.3063107430934906,0.22160767018795013,0.2809014618396759,0.2795270085334778,0.3274117410182953,0.3167119026184082,0.3378461003303528,0.2869488298892975,0.33076387643814087,0.23771001398563385,0.3022591471672058,0.23601245880126953,0.29847684502601624,0.27157700061798096,0.3110576868057251,0.33322370052337646,0.3540913164615631,0.29873818159103394,0.3210742771625519,0.28110772371292114,0.33162447810173035,0.03158810795710631,-5.662579547886681e-06,0.005845517358253755,63.02856540424464,-3.4046050652891826e-06,,,,,,,,,,,,,,,,,,,,,,,,,,,,,,,,,,,,,,,,,4000.0,200.0,100.0,200.0,5.0,,,,,,,,,,,
392.1438552478,143.65961978903303,357.39105439674364,186.06888929891866,1022.6001165228989,836.5312272239803,-0.0364165814834605,46.09513649014793,0.36634418177546846,143.65961978903303,0.7609756097560976,836.5312272239803,0.36634418177546846,0.047760266810655594,0.047760266810655594,0.2237263982899893,0.20947630922693267,0.566797292483078,0.029864766154587424,0.20815633237361908,1.5495931229621642,0.644683953596869,1549.5931229621642,644.6839535968691,2913.85924796748,1284.6983429778543,1392.2776267611046,389.33621150230755,0.11319126863143632,0.06006149660549968,-291.65728759765625,88.28555297851562,90.87418365478516,35.52992630004883,-10.988860130310059,34.12623977661133,3.646456003189087,31.14397430419922,-39.132102966308594,32.44449234008789,0.05630571022629738,0.047760266810655594,-21.80603790283203,12.75946044921875,67.36522674560547,12.75946044921875,586.0638508824113,150.44840268934672,1682.807852468769,624.7285493545575,3125.2508427523303,425.19346343375827,TD,data\td\F1_01_07.wav|data\td\F14_07_02.wav|data\td\F1_02_09.wav|data\td\F17_10_04.wav|data\td\M20_01_06.wav|data\td\M14_10_03.wav|data\td\F15_05_02.wav|data\td\F13_08_07.wav|data\td\M14_06_08.wav|data\td\F6_08_08.wav|data\td\M13_01_01.wav|data\td\F16_05_08.wav|data\td\M19_04_05.wav|data\td\M3_04_07.wav|data\td\M2_03_05.wav|data\td\M14_06_01.wav|data\td\F9_10_07.wav|data\td\F23_04_01.wav|data\td\M15_02_06.wav|data\td\M16_01_05.wav,merged_td_139,td,-11.075963020324707,20.016130447387695,-21.783416748046875,17.143871307373047,-9.840463638305664,17.016191482543945,-8.454339981079102,14.73719596862793,-6.018726348876953,13.018146514892578,-3.4087278842926025,11.66510009765625,-3.1555607318878174,10.774601936340332,-7.218583583831787,11.337635040283203,0.34870466589927673,0.34673503041267395,0.3162953555583954,0.33617666363716125,0.2771948575973511,0.31632083654403687,0.2963954210281372,0.336774617433548,0.2883048951625824,0.3275963068008423,0.267494797706604,0.3243677020072937,0.239196315407753,0.3023168444633484,0.23188790678977966,0.3023264408111572,0.2385404109954834,0.2955612540245056,0.2769414186477661,0.324608713388443,0.3080713152885437,0.32988280057907104,0.3356870412826538,0.3427485525608063,-0.010001660519710917,2.43622933195473e-05,-0.00043887873817796235,64.49917354431669,-1.2727401902175704e-06,,,,,,,,,,,,,,,,,,,,,,,,,,,,,,,,,,,,,,,,,4000.0,200.0,100.0,200.0,5.0,,,,,,,,,,,
375.9137789950752,97.94936443828833,353.2860680198856,149.39896882100535,850.0239694538641,700.6250006328587,0.00785743676228009,31.345004469865575,0.26056337892198295,97.94936443828833,0.7667288723007198,700.6250006328587,0.26056337892198295,0.04858938232064247,0.04858938232064247,0.2274782608695652,0.20382608695652174,0.568695652173913,0.026656467432880554,0.20821799337863922,1.5975847760010116,0.716876558222411,1597.5847760010115,716.8765582224111,3000.789372833911,1354.686954357387,1434.1422171757645,406.21113852477436,0.11673631823180486,0.0651132587737225,-298.4700622558594,92.39414978027344,83.13677978515625,35.86027145385742,-4.948591709136963,36.71303939819336,-0.11658726632595062,30.293895721435547,-38.0568733215332,30.416484832763672,0.05189826339483261,0.04858938232064247,-22.68975067138672,13.227121353149414,59.96745681762695,13.227121353149414,579.7612869745719,175.64670868609713,1685.7706279190452,660.3608652889866,3133.0773222625844,438.6634119761098,TD,data\td\M1_10_06.wav|data\td\M12_02_07.wav|data\td\F20_05_05.wav|data\td\F3_09_03.wav|data\td\M25_06_07.wav|data\td\F8_05_01.wav|data\td\M11_04_02.wav|data\td\M17_05_04.wav|data\td\F22_05_06.wav|data\td\F2_06_01.wav|data\td\F2_07_05.wav|data\td\F24_01_04.wav|data\td\F16_10_05.wav|data\td\M18_03_04.wav|data\td\M20_08_09.wav|data\td\F12_01_06.wav|data\td\M16_09_01.wav|data\td\F24_08_01.wav|data\td\F9_07_05.wav|data\td\M18_01_08.wav,merged_td_140,td,-10.057658195495605,19.493026733398438,-17.764530181884766,16.01123809814453,-9.689099311828613,16.031051635742188,-8.441397666931152,13.100032806396484,-6.247408866882324,12.697699546813965,-4.907471656799316,11.15213394165039,-5.442197799682617,10.36274528503418,-7.412825107574463,10.740707397460938,0.2869432866573334,0.3181213438510895,0.30032244324684143,0.3317185938358307,0.2987020015716553,0.3338690996170044,0.28676727414131165,0.3236321210861206,0.2899645268917084,0.3299292027950287,0.28074911236763,0.3202217221260071,0.26351669430732727,0.31019216775894165,0.2483437955379486,0.3087204396724701,0.2600104510784149,0.3067895174026489,0.30149316787719727,0.3269088864326477,0.3242557644844055,0.3428092300891876,0.29194363951683044,0.3195231556892395,0.006711343602903342,-6.179564333365851e-05,-0.002051657487325101,43.38764954040632,-9.980873401378839e-07,,,,,,,,,,,,,,,,,,,,,,,,,,,,,,,,,,,,,,,,,4000.0,200.0,100.0,200.0,5.0,,,,,,,,,,,
380.3751013415034,157.39132142961884,343.22869944588433,184.9972113558172,1586.2008141950607,1401.2036028392436,-0.009395642937842036,44.613660060296304,0.4137792428435315,157.39132142961884,0.7573980271927486,1401.2036028392436,0.4137792428435315,0.04613325372338295,0.04613325372338295,0.2295774647887324,0.1785211267605634,0.5919014084507043,0.025385255673043405,0.2066953480243683,1.5465862979345721,0.629628711836734,1546.586297934572,629.6287118367339,2911.5048487070117,1279.7994128739892,1379.3110279338268,395.5623174782319,0.11115017766095708,0.05457169419010124,-298.1571044921875,94.7098617553711,92.15950775146484,35.78561019897461,-13.718046188354492,37.003639221191406,6.04049015045166,33.66529083251953,-42.424171447753906,31.1599063873291,0.052376024425029755,0.04613325372338295,-19.808212280273438,13.218996047973633,65.06011962890625,13.218996047973633,580.9237156201349,163.77497805552713,1777.6440062272966,680.3113926834995,3067.0679813181114,404.0548570911899,TD,data\td\M2_07_01.wav|data\td\M16_04_02.wav|data\td\M20_04_03.wav|data\td\M11_02_09.wav|data\td\F9_05_08.wav|data\td\M11_08_08.wav|data\td\F19_02_06.wav|data\td\F11_09_06.wav|data\td\F3_04_02.wav|data\td\F9_04_07.wav|data\td\F17_07_05.wav|data\td\F22_02_04.wav|data\td\M25_07_06.wav|data\td\F20_07_05.wav|data\td\F21_06_02.wav|data\td\M22_02_10.wav|data\td\M21_07_04.wav|data\td\F8_03_10.wav|data\td\M13_05_05.wav|data\td\M24_09_08.wav,merged_td_141,td,-10.344637870788574,18.98446273803711,-18.512290954589844,17.490909576416016,-11.411733627319336,16.00523567199707,-8.604757308959961,14.235323905944824,-5.274244785308838,12.313878059387207,-4.436431407928467,11.411799430847168,-6.872072219848633,11.113810539245605,-5.656399250030518,12.042122840881348,0.3132932186126709,0.328149676322937,0.3081014156341553,0.32802996039390564,0.3042876720428467,0.3299731910228729,0.3052920401096344,0.33304017782211304,0.28908678889274597,0.3239295184612274,0.2950596213340759,0.324846088886261,0.3024548292160034,0.32121512293815613,0.29402950406074524,0.329775333404541,0.2478610873222351,0.2953726649284363,0.2545589208602905,0.303495854139328,0.2966802716255188,0.325682133436203,0.31744885444641113,0.3385947346687317,-0.011190797257052158,-0.0001045920724232318,0.0012229182102038616,61.6907045738243,-8.263263915037914e-07,,,,,,,,,,,,,,,,,,,,,,,,,,,,,,,,,,,,,,,,,4000.0,200.0,100.0,200.0,5.0,,,,,,,,,,,
317.37556021000785,70.53440917917828,302.26980244077964,214.97519305553408,859.9007722221364,644.9255791666023,-0.02463884511575201,26.861971327514627,0.22224272446342613,70.53440917917828,0.8259130898427086,644.9255791666023,0.22224272446342613,0.04831425100564957,0.04831425100564957,0.1569260574749758,0.1362608976428802,0.706813044882144,0.019977160767390426,0.2117876261472702,1.5303537652841508,0.5864432942514342,1530.3537652841508,586.4432942514342,2896.55883431085,1211.1382772347756,1377.0091240379138,377.425162047773,0.10556234483304452,0.053316070090051036,-303.4676208496094,95.91727447509766,82.71728515625,33.68912124633789,-10.73503303527832,37.119285583496094,8.079757690429688,37.017879486083984,-37.85633087158203,27.181854248046875,0.051611464470624924,0.04831425100564957,-24.437820434570312,13.478317260742188,77.73637390136719,13.478317260742188,562.0757654385054,147.49733686578492,1747.1302542812662,606.5131035300639,3041.0793980280237,399.60354669512407,TD,data\td\F8_07_09.wav|data\td\M11_06_09.wav|data\td\F25_08_06.wav|data\td\M23_03_03.wav|data\td\F19_07_06.wav|data\td\M2_09_08.wav|data\td\M22_08_10.wav|data\td\M21_06_02.wav|data\td\F18_03_03.wav|data\td\M22_01_04.wav|data\td\F21_02_07.wav|data\td\F23_01_03.wav|data\td\F14_06_07.wav|data\td\M12_04_03.wav|data\td\F21_03_05.wav|data\td\F20_04_02.wav|data\td\F3_01_08.wav|data\td\F7_07_06.wav|data\td\F25_03_03.wav|data\td\M17_07_09.wav,merged_td_142,td,-11.359529495239258,19.60223960876465,-21.468170166015625,17.15087127685547,-11.497897148132324,15.552149772644043,-11.22973918914795,15.021110534667969,-5.278800010681152,12.535235404968262,-5.337636947631836,11.610766410827637,-7.7897114753723145,11.819369316101074,-4.033355712890625,11.39718246459961,0.21677261590957642,0.294059693813324,0.24608972668647766,0.30407124757766724,0.2952600121498108,0.33408647775650024,0.2636745572090149,0.30250000953674316,0.2386380434036255,0.2955154776573181,0.22227595746517181,0.28922396898269653,0.26522737741470337,0.3133018910884857,0.3270122706890106,0.35023033618927,0.35875990986824036,0.3439388871192932,0.3631879687309265,0.36694642901420593,0.27490586042404175,0.3179057836532593,0.21455663442611694,0.2800479531288147,-0.007691146308139036,2.4617155866470757e-05,-0.0019438774277899837,37.88559768391347,-4.026405747145672e-06,,,,,,,,,,,,,,,,,,,,,,,,,,,,,,,,,,,,,,,,,4000.0,200.0,100.0,200.0,5.0,,,,,,,,,,,
358.30522843987046,97.43198683693032,343.22869944588433,68.89654412432702,1095.9956676757638,1027.0991235514368,0.000640370342684348,37.09563411324369,0.27192454673678035,97.43198683693032,0.772593974940016,1027.0991235514368,0.27192454673678035,0.049284838140010834,0.049284838140010834,0.206420434932689,0.19054193993786675,0.6030376251294443,0.026737882683918315,0.2141449898481369,1.5156269879526791,0.725204861396754,1515.6269879526792,725.204861396754,2812.389612769928,1385.3310223445308,1368.2570283793225,429.47626318734285,0.11106178977272728,0.06398319510114797,-303.5401916503906,96.30403137207031,92.46277618408203,38.877899169921875,-9.331939697265625,40.68092346191406,0.9561248421669006,31.80518341064453,-37.38341522216797,30.06317710876465,0.05558359995484352,0.049284838140010834,-21.741878509521484,13.683871269226074,65.531005859375,13.683871269226074,571.7903476907111,153.5181051730859,1639.564089257914,610.2119083805184,3102.397509081474,426.2497045866331,TD,data\td\M1_06_08.wav|data\td\M15_10_10.wav|data\td\F12_04_04.wav|data\td\M18_10_04.wav|data\td\M23_09_06.wav|data\td\F21_01_04.wav|data\td\M19_09_08.wav|data\td\F15_06_09.wav|data\td\M12_05_06.wav|data\td\F2_01_08.wav|data\td\F19_01_10.wav|data\td\M19_06_04.wav|data\td\F18_05_06.wav|data\td\M14_02_02.wav|data\td\F19_03_06.wav|data\td\F19_07_08.wav|data\td\F5_02_07.wav|data\td\M25_02_10.wav|data\td\F13_10_05.wav|data\td\F23_02_03.wav,merged_td_143,td,-11.319543838500977,18.727678298950195,-19.367868423461914,16.95306968688965,-11.740931510925293,16.023393630981445,-9.175678253173828,12.807273864746094,-6.029257774353027,12.18343448638916,-4.988777160644531,11.044179916381836,-4.889558792114258,10.674915313720703,-6.621316432952881,10.256880760192871,0.34144842624664307,0.3422984778881073,0.32320553064346313,0.33628928661346436,0.2741445302963257,0.3079538345336914,0.2722134292125702,0.32173681259155273,0.25783511996269226,0.31583788990974426,0.23404136300086975,0.29765474796295166,0.2356872856616974,0.2955664396286011,0.27150988578796387,0.31770825386047363,0.299578458070755,0.3219430446624756,0.33709517121315,0.3530969023704529,0.31481465697288513,0.32653048634529114,0.31943488121032715,0.3308749794960022,-0.01170597562260778,-5.493327841504189e-06,0.008590383153875437,52.52223614428913,-2.988566915800625e-06,,,,,,,,,,,,,,,,,,,,,,,,,,,,,,,,,,,,,,,,,4000.0,200.0,100.0,200.0,5.0,,,,,,,,,,,
351.20911515846825,117.35361267229717,339.28638158974695,65.7852866955572,1216.0833343716429,1150.2980476760856,-0.021588419901609084,34.505708029838495,0.33414170534653215,117.35361267229717,0.7805918421754199,1150.2980476760856,0.33414170534653215,0.045660194009542465,0.045660194009542465,0.1708233686368295,0.16330714041680902,0.6658694909463615,0.027541371668240916,0.20334041118621826,1.621859034166653,0.6693792980204367,1621.859034166653,669.3792980204367,3026.392961876833,1321.7083029595153,1442.475504192313,387.452726530139,0.11527238569714743,0.05664036648638012,-299.335205078125,100.1121826171875,83.26579284667969,38.758811950683594,-8.216529846191406,35.063880920410156,2.549506664276123,33.41902542114258,-39.3909797668457,31.39920425415039,0.05170527100563049,0.045660194009542465,-21.26789093017578,14.242321014404297,69.82372283935547,14.242321014404297,582.8749351323302,170.66708641529382,1670.9496626881164,633.6890515881237,3090.5241307732226,412.2296131546192,TD,data\td\F24_06_05.wav|data\td\M3_02_06.wav|data\td\M25_03_06.wav|data\td\M21_10_09.wav|data\td\F7_03_07.wav|data\td\F2_03_07.wav|data\td\F1_09_04.wav|data\td\M20_03_02.wav|data\td\M25_02_01.wav|data\td\M16_09_04.wav|data\td\F17_05_03.wav|data\td\M23_06_05.wav|data\td\F19_01_04.wav|data\td\M24_10_03.wav|data\td\F6_04_04.wav|data\td\F9_01_09.wav|data\td\F12_06_06.wav|data\td\F19_09_02.wav|data\td\F12_05_04.wav|data\td\F4_07_04.wav,merged_td_144,td,-7.412346363067627,18.157339096069336,-19.913219451904297,18.060094833374023,-8.823403358459473,17.154560089111328,-8.765106201171875,14.433318138122559,-5.495849132537842,13.276290893554688,-5.2814435958862305,12.048126220703125,-4.658827304840088,10.329841613769531,-7.067900657653809,11.044112205505371,0.3305867910385132,0.3369259834289551,0.3037385642528534,0.32304370403289795,0.2797175347805023,0.30999886989593506,0.2746472656726837,0.3199147880077362,0.27621644735336304,0.3289518356323242,0.26272717118263245,0.30889081954956055,0.29106396436691284,0.3224984109401703,0.318431556224823,0.34137871861457825,0.28623467683792114,0.32075753808021545,0.2720201909542084,0.3123747408390045,0.30157890915870667,0.3266017735004425,0.34495463967323303,0.3436930477619171,-0.013604671754001577,2.2769858550982808e-05,-0.00542657774183838,48.276135714335666,5.808282588752773e-07,,,,,,,,,,,,,,,,,,,,,,,,,,,,,,,,,,,,,,,,,4000.0,200.0,100.0,200.0,5.0,,,,,,,,,,,
390.21802595508734,123.2017734422295,361.54373841774776,101.45478129445331,1258.9684205430274,1157.513639248574,-0.019271897457548297,44.8530802700479,0.3157254797255562,123.2017734422295,0.7696614236203679,1157.513639248574,0.3157254797255562,0.049256857484579086,0.049256857484579086,0.22072072072072071,0.2182952182952183,0.560984060984061,0.03001184619466572,0.2204149216413498,1.6888329670048452,0.7472313411137915,1688.8329670048452,747.2313411137915,3126.0559684084246,1411.422556907972,1444.4763148070563,434.0218672921311,0.1242416084877366,0.06891555407608346,-291.79998779296875,93.3759994506836,77.8298110961914,37.02986145019531,-9.711414337158203,39.93461227416992,0.7008393406867981,33.48336410522461,-40.70121765136719,30.734699249267578,0.054070502519607544,0.049256857484579086,-23.68919563293457,13.047829627990723,67.99626159667969,13.047829627990723,612.7659574468086,169.23538289311605,1715.9107420861444,637.5621115875917,3161.7228853139595,392.3134646945224,TD,data\td\F8_01_09.wav|data\td\F9_03_03.wav|data\td\F19_02_01.wav|data\td\F25_06_01.wav|data\td\M14_03_08.wav|data\td\M15_05_06.wav|data\td\M11_04_04.wav|data\td\F13_08_02.wav|data\td\F3_10_07.wav|data\td\F11_07_08.wav|data\td\M19_06_08.wav|data\td\F17_04_07.wav|data\td\M24_06_10.wav|data\td\M19_05_05.wav|data\td\F24_01_01.wav|data\td\M1_07_02.wav|data\td\F4_07_09.wav|data\td\M20_02_06.wav|data\td\F20_08_05.wav|data\td\M14_02_04.wav,merged_td_145,td,-11.39220142364502,19.156036376953125,-19.192739486694336,17.339275360107422,-9.021425247192383,15.951640129089355,-8.480685234069824,12.928610801696777,-3.4429407119750977,10.87721061706543,-6.416685581207275,11.225980758666992,-5.585714817047119,10.090383529663086,-8.203253746032715,10.589300155639648,0.38792720437049866,0.35407754778862,0.34512245655059814,0.34450289607048035,0.2686137855052948,0.30303430557250977,0.24263174831867218,0.29877573251724243,0.2553211748600006,0.31180617213249207,0.28010889887809753,0.3214089870452881,0.2799313962459564,0.31200361251831055,0.2751022279262543,0.31926777958869934,0.254048228263855,0.30547240376472473,0.2586018741130829,0.31169232726097107,0.29057687520980835,0.31649935245513916,0.3562825918197632,0.3385981619358063,0.02290435348616273,-8.343043237029808e-07,-2.659917347039543e-16,62.92731798874949,-2.74102573642309e-07,,,,,,,,,,,,,,,,,,,,,,,,,,,,,,,,,,,,,,,,,4000.0,200.0,100.0,200.0,5.0,,,,,,,,,,,
378.8918908466793,130.29427117884296,365.74467430282664,149.39896882100535,1341.5573804650705,1192.1584116440652,-0.0860150809220659,36.09204768227547,0.34388244859948,130.29427117884296,0.7811250333244468,1192.1584116440652,0.34388244859948,0.05285116285085678,0.05285116285085678,0.200068282690338,0.19255718675315808,0.6073745305565039,0.025490738156291794,0.19054843485355377,1.5736609589367756,0.6414725357373928,1573.6609589367756,641.4725357373928,2940.6595741135698,1274.9964473178964,1393.0876607362839,389.42244318850504,0.11275704083077846,0.055267604362860545,-276.68865966796875,90.78533935546875,86.31076049804688,36.57244873046875,-11.700020790100098,36.40111541748047,5.3871541023254395,33.71128845214844,-39.57448196411133,30.689762115478516,0.06160444766283035,0.05285116285085678,-20.00871467590332,12.322115898132324,60.27569580078125,12.322115898132324,588.0643487285937,173.96964753392695,1720.5604566683967,629.3931559196948,3139.844317592112,434.96187730902915,TD,data\td\F5_02_06.wav|data\td\F12_06_01.wav|data\td\F18_08_04.wav|data\td\F22_06_06.wav|data\td\F15_10_02.wav|data\td\F16_05_05.wav|data\td\F1_10_08.wav|data\td\F20_10_07.wav|data\td\F19_07_07.wav|data\td\F13_04_06.wav|data\td\F11_10_09.wav|data\td\M25_05_08.wav|data\td\M20_10_06.wav|data\td\F4_07_02.wav|data\td\F20_09_03.wav|data\td\M15_09_07.wav|data\td\M3_05_03.wav|data\td\M20_10_05.wav|data\td\F14_08_08.wav|data\td\M14_08_02.wav,merged_td_146,td,-10.652824401855469,19.088207244873047,-17.81813621520996,16.61220932006836,-9.498806953430176,16.76415252685547,-8.276900291442871,15.054593086242676,-7.7594380378723145,12.856209754943848,-4.1494574546813965,11.611807823181152,-5.109398365020752,11.995774269104004,-8.347508430480957,12.313597679138184,0.33147650957107544,0.3333354592323303,0.32611414790153503,0.34205225110054016,0.2948610782623291,0.3232930600643158,0.288053959608078,0.3319726288318634,0.26823651790618896,0.32230448722839355,0.2694137394428253,0.32426783442497253,0.25541943311691284,0.3123939335346222,0.23116637766361237,0.30025359988212585,0.2101070135831833,0.2796112895011902,0.2368270456790924,0.30368828773498535,0.27056100964546204,0.31600990891456604,0.32448917627334595,0.34625792503356934,-0.01686069642518741,-3.054401158678227e-05,0.005251645278382144,50.39229585198448,-6.168111856235139e-06,,,,,,,,,,,,,,,,,,,,,,,,,,,,,,,,,,,,,,,,,4000.0,200.0,100.0,200.0,5.0,,,,,,,,,,,
397.6687108067228,125.14240596100144,367.86341164694414,238.52991146631203,1258.9684205430274,1020.4385090767154,0.01280228754891273,47.800123240726876,0.3146900989699033,125.14240596100144,0.7800586510263929,1020.4385090767154,0.3146900989699033,0.04876059666275978,0.04876059666275978,0.22153846153846155,0.20273504273504273,0.5757264957264957,0.029279546531608205,0.1986480951309204,1.5237381788500348,0.6319342809390719,1523.7381788500347,631.9342809390719,2840.598756998134,1258.4909773760305,1364.8597842481904,397.17030200999665,0.11114184654925353,0.05576721007149151,-290.42376708984375,93.4211654663086,90.81880187988281,36.04029846191406,-15.277328491210938,36.986724853515625,2.5874626636505127,29.912891387939453,-37.74917984008789,30.98141860961914,0.05548080429434776,0.04876059666275978,-22.27311134338379,13.101872444152832,66.6493911743164,13.101872444152832,598.2771146860405,169.50183019653355,1651.3544369486249,629.5718581022428,3075.703165542294,403.7528789869103,TD,data\td\F15_04_10.wav|data\td\M24_03_02.wav|data\td\F25_04_08.wav|data\td\F22_05_05.wav|data\td\M1_02_10.wav|data\td\F3_03_08.wav|data\td\F8_06_03.wav|data\td\F4_04_04.wav|data\td\F16_06_10.wav|data\td\F1_02_08.wav|data\td\F23_03_02.wav|data\td\M10_04_09.wav|data\td\M11_08_10.wav|data\td\F7_01_04.wav|data\td\F12_06_05.wav|data\td\F13_05_10.wav|data\td\F14_04_10.wav|data\td\F16_06_09.wav|data\td\M16_04_10.wav|data\td\F16_10_09.wav,merged_td_147,td,-12.801775932312012,19.54974937438965,-17.77490234375,15.960294723510742,-6.0346999168396,16.284442901611328,-9.19881534576416,13.161344528198242,-4.461591720581055,12.663901329040527,-5.3747124671936035,11.269749641418457,-5.4356513023376465,10.76640510559082,-6.698365688323975,10.795023918151855,0.3507174551486969,0.3450900912284851,0.3176179826259613,0.3290807008743286,0.29093730449676514,0.3318716287612915,0.2747930884361267,0.32319819927215576,0.2748410403728485,0.3313320279121399,0.2611462473869324,0.3162134885787964,0.24568448960781097,0.29333147406578064,0.25262296199798584,0.30765679478645325,0.25598978996276855,0.3104880154132843,0.26442950963974,0.3190329074859619,0.2901451587677002,0.32744985818862915,0.32918688654899597,0.34443777799606323,2.3893852236821732e-05,-2.210880232621844e-05,0.0004326356006257213,66.26867205936165,4.1128204401413955e-06,,,,,,,,,,,,,,,,,,,,,,,,,,,,,,,,,,,,,,,,,4000.0,200.0,100.0,200.0,5.0,,,,,,,,,,,
377.87158592163314,100.86477111361563,359.461399713042,150.26442824298348,1632.6800458167045,1482.415617573721,-0.027368008100122417,45.156627239634716,0.2669286997793319,100.86477111361563,0.7757931218341776,1482.415617573721,0.2669286997793319,0.04983266070485115,0.04983266070485115,0.23788243382605706,0.1698178068064627,0.5922997593674802,0.028825120085257634,0.22717909514904022,1.5434414041421542,0.6515167604999426,1543.4414041421542,651.5167604999425,2886.099123567049,1257.7296981497964,1372.7696516963588,387.9337082962804,0.11470873392095442,0.06160846324237105,-290.00177001953125,86.71791076660156,81.6381607055664,32.39138412475586,-6.497849464416504,36.54744338989258,1.4743094444274902,31.060585021972656,-37.61421585083008,28.210153579711914,0.0530812069773674,0.04983266070485115,-23.46840476989746,12.380005836486816,55.30934143066406,12.380005836486816,614.1359626362222,175.95121877447554,1725.0856253243385,649.7606148649863,3092.516865594188,429.0554418347269,TD,data\td\F14_01_02.wav|data\td\F20_02_07.wav|data\td\M19_10_06.wav|data\td\F8_02_02.wav|data\td\M3_08_04.wav|data\td\F22_02_02.wav|data\td\F21_02_06.wav|data\td\M18_08_06.wav|data\td\M11_01_04.wav|data\td\M18_03_10.wav|data\td\M1_05_04.wav|data\td\F7_02_03.wav|data\td\M12_04_10.wav|data\td\F7_04_05.wav|data\td\M3_05_01.wav|data\td\F25_04_03.wav|data\td\M15_02_09.wav|data\td\F17_10_02.wav|data\td\F14_05_06.wav|data\td\F23_01_04.wav,merged_td_148,td,-15.144113540649414,20.436622619628906,-16.6878719329834,15.618199348449707,-9.34408950805664,16.858110427856445,-10.193070411682129,14.203564643859863,-6.003036022186279,11.7091703414917,-5.921469688415527,10.683762550354004,-6.018989562988281,9.652610778808594,-4.888298988342285,9.962233543395996,0.37568938732147217,0.3442018926143646,0.3307117819786072,0.3373386859893799,0.2814050018787384,0.31870248913764954,0.2534557580947876,0.30926817655563354,0.2267305850982666,0.2985403537750244,0.21909154951572418,0.2913292348384857,0.2110086977481842,0.2774659991264343,0.22957852482795715,0.29555684328079224,0.2483121007680893,0.3035653531551361,0.2772060036659241,0.31822678446769714,0.3368573784828186,0.34493741393089294,0.37671297788619995,0.35070499777793884,0.00227309531928907,3.429225465411371e-05,0.0049617051255038975,63.431543431628995,-3.076035802505838e-06,,,,,,,,,,,,,,,,,,,,,,,,,,,,,,,,,,,,,,,,,4000.0,200.0,100.0,200.0,5.0,,,,,,,,,,,
363.80378200508613,123.74561623503917,345.2170030745703,78.23233100085048,1303.3658460121762,1225.1335150113257,-0.03760908065775316,41.69600359669312,0.3401438422465579,123.74561623503917,0.7923220474540122,1225.1335150113257,0.3401438422465579,0.04959411546587944,0.04959411546587944,0.19387411645910468,0.18613261528105016,0.6199932682598451,0.02656337907277543,0.20145221054553986,1.5184009280556163,0.6471964750886532,1518.4009280556163,647.1964750886532,2836.8997434017597,1270.859068945908,1365.677625468416,396.9023703564326,0.10846521656724874,0.055820898789427274,-282.301025390625,88.5909652709961,90.67379760742188,35.83322525024414,-12.15587329864502,35.72675323486328,4.221772193908691,33.124114990234375,-36.657596588134766,28.489593505859375,0.05860884487628937,0.04959411546587944,-20.232126235961914,12.21667766571045,59.51551055908203,12.21667766571045,610.9392838609239,165.36831041219187,1718.6507524649712,588.5016355761366,3121.0793980280223,424.13027529768635,TD,data\td\M15_02_01.wav|data\td\M1_01_03.wav|data\td\M14_10_10.wav|data\td\F20_06_03.wav|data\td\M2_09_09.wav|data\td\F1_07_02.wav|data\td\M19_03_08.wav|data\td\F12_08_04.wav|data\td\F24_08_02.wav|data\td\M25_08_03.wav|data\td\F1_09_10.wav|data\td\F17_07_01.wav|data\td\F19_10_03.wav|data\td\F24_07_04.wav|data\td\M24_06_09.wav|data\td\M21_01_09.wav|data\td\F16_06_03.wav|data\td\F20_06_01.wav|data\td\M10_05_01.wav|data\td\F23_08_06.wav,merged_td_149,td,-14.440293312072754,20.573211669921875,-18.199586868286133,17.59709358215332,-7.332579612731934,16.46568489074707,-6.991212368011475,14.801154136657715,-5.8859639167785645,12.656353950500488,-4.229400157928467,11.499504089355469,-4.049887657165527,10.142561912536621,-9.403729438781738,10.346613883972168,0.32064852118492126,0.33493638038635254,0.30307674407958984,0.3221358060836792,0.2821134328842163,0.31974953413009644,0.2860524356365204,0.3298512101173401,0.27746662497520447,0.3210708498954773,0.29006680846214294,0.3443344235420227,0.24938787519931793,0.3081606328487396,0.2196042537689209,0.2860727310180664,0.2561444640159607,0.31740131974220276,0.29398879408836365,0.3206961750984192,0.3133974075317383,0.3370524048805237,0.2995588183403015,0.326943039894104,-0.01771340345005195,-2.9544706873577132e-05,-0.0008007415013831581,58.51478587835649,5.175910107395904e-07,,,,,,,,,,,,,,,,,,,,,,,,,,,,,,,,,,,,,,,,,4000.0,200.0,100.0,200.0,5.0,,,,,,,,,,,
373.22223628231325,124.39462365481566,351.2512899969259,109.99999999999999,1532.1689914011781,1422.1689914011781,0.014903110943303842,47.65091255102753,0.3332990683886287,124.39462365481566,0.7720607837909891,1422.1689914011781,0.3332990683886287,0.044712863862514496,0.044712863862514496,0.20449050086355786,0.22037996545768568,0.5751295336787565,0.028824098851317793,0.2220625877380371,1.5318591286712253,0.705636779451602,1531.8591286712253,705.636779451602,2852.1873333777658,1370.816352031624,1379.2595825189583,420.22589382753034,0.11355864998500399,0.06412929767442664,-305.29010009765625,92.65169525146484,88.22237396240234,36.66508102416992,-9.590165138244629,34.99026870727539,-1.7271592617034912,30.906795501708984,-33.833534240722656,29.37990951538086,0.04787740856409073,0.044712863862514496,-21.846881866455078,13.236298561096191,65.48818969726562,13.236298561096191,602.5947067981319,171.529756355145,1662.688116242865,613.6364574389431,3077.6128697457184,418.02547572638775,TD,data\td\F17_05_05.wav|data\td\M20_08_05.wav|data\td\M22_03_08.wav|data\td\F4_09_02.wav|data\td\F20_09_01.wav|data\td\M22_02_08.wav|data\td\F23_07_10.wav|data\td\F9_07_04.wav|data\td\F1_02_05.wav|data\td\M13_04_04.wav|data\td\F2_04_02.wav|data\td\F15_09_03.wav|data\td\F23_10_05.wav|data\td\M24_02_03.wav|data\td\F22_05_03.wav|data\td\F2_05_01.wav|data\td\F23_08_05.wav|data\td\F12_05_05.wav|data\td\F13_02_08.wav|data\td\F12_01_10.wav,merged_td_150,td,-9.430468559265137,18.944385528564453,-18.189077377319336,16.961767196655273,-7.483686447143555,16.662670135498047,-9.006485939025879,13.505159378051758,-7.188100814819336,13.229461669921875,-4.409097194671631,10.833378791809082,-6.096572399139404,10.75704574584961,-5.697493076324463,11.691271781921387,0.34184035658836365,0.339126855134964,0.3079014718532562,0.32692861557006836,0.2713733911514282,0.3085729479789734,0.27374398708343506,0.3171026110649109,0.2996614873409271,0.3317675292491913,0.3105107545852661,0.3382246792316437,0.2674013078212738,0.3047780692577362,0.2552700340747833,0.313243567943573,0.24397249519824982,0.29911646246910095,0.26864975690841675,0.3131211996078491,0.3298594355583191,0.3434079587459564,0.3511260747909546,0.3382667303085327,0.01252026826116605,-3.794630492355134e-05,-2.45522714498998e-17,66.51773906704655,3.863885159234364e-06,,,,,,,,,,,,,,,,,,,,,,,,,,,,,,,,,,,,,,,,,4000.0,200.0,100.0,200.0,5.0,,,,,,,,,,,
384.72550545195645,129.04821581703948,349.2282314330038,210.06515286029162,1388.867299316009,1178.8021464557173,0.04799049650783786,43.30067767122319,0.33542932295440103,129.04821581703948,0.7856571580911756,1178.8021464557173,0.33542932295440103,0.04686782509088516,0.04686782509088516,0.24304141208418195,0.1788866259334691,0.578071961982349,0.026823009213344254,0.20197051763534546,1.5323133837922291,0.6755400381245058,1532.3133837922292,675.5400381245058,2903.777742601973,1324.5994788356577,1380.3428827276946,415.02234397116604,0.11092250399893362,0.06104566218044697,-298.4466247558594,90.19556427001953,90.5034408569336,37.15652847290039,-8.697044372558594,37.20094299316406,7.210055351257324,31.34348487854004,-41.55079650878906,30.496593475341797,0.05343857780098915,0.04686782509088516,-21.417938232421875,12.39083480834961,71.40062713623047,12.39083480834961,579.6782563570317,150.4361677153124,1853.3679294239753,680.378190869722,3018.329008822003,397.8768280551118,TD,data\td\M17_03_08.wav|data\td\F3_06_02.wav|data\td\M18_10_05.wav|data\td\M16_05_03.wav|data\td\M22_09_04.wav|data\td\F3_09_07.wav|data\td\F18_05_03.wav|data\td\M23_10_09.wav|data\td\F8_10_09.wav|data\td\F25_04_07.wav|data\td\F23_04_10.wav|data\td\F24_02_01.wav|data\td\M11_01_03.wav|data\td\F14_07_07.wav|data\td\F22_06_01.wav|data\td\F5_09_10.wav|data\td\F22_08_04.wav|data\td\M10_09_09.wav|data\td\F23_08_04.wav|data\td\M25_06_09.wav,merged_td_151,td,-16.62510871887207,22.078170776367188,-16.715980529785156,17.048765182495117,-10.449759483337402,16.96102523803711,-11.067899703979492,13.317323684692383,-2.6970489025115967,12.064553260803223,-4.979519367218018,10.601360321044922,-6.310067176818848,10.28964614868164,-4.592125415802002,11.566715240478516,0.34622472524642944,0.3459169864654541,0.24757599830627441,0.304911345243454,0.21370960772037506,0.28736308217048645,0.2268318086862564,0.30622348189353943,0.2472679764032364,0.3175886273384094,0.24310222268104553,0.3043377697467804,0.22160212695598602,0.2902413010597229,0.19513198733329773,0.27638131380081177,0.1966768503189087,0.2683447301387787,0.29144996404647827,0.325872540473938,0.394417405128479,0.361585408449173,0.4197908937931061,0.36786431074142456,0.007727672004361724,-1.4039528471178118e-05,0.002960941264147086,60.44331747567338,1.5923680569381676e-08,,,,,,,,,,,,,,,,,,,,,,,,,,,,,,,,,,,,,,,,,4000.0,200.0,100.0,200.0,5.0,,,,,,,,,,,
380.68689921177554,118.7148306209776,349.2282314330038,66.93519325188251,1010.8545523973909,943.9193591455083,-0.12961069052812046,43.570446910197475,0.3118437510373498,118.7148306209776,0.7443348440415889,943.9193591455083,0.3118437510373498,0.052989862859249115,0.052989862859249115,0.25295592977427445,0.2042278753135077,0.5428161949122179,0.03532459841088986,0.212477907538414,1.588698418366301,0.7678848889347591,1588.6984183663012,767.8848889347591,2994.7701446280994,1465.5108886519547,1442.7263754534865,440.71389674342595,0.11421719833044522,0.07131939276430085,-287.2794494628906,90.08524322509766,87.01641082763672,37.28522872924805,-0.6743448376655579,35.43768310546875,-0.4008839726448059,32.571258544921875,-38.24186325073242,30.871610641479492,0.05915789306163788,0.052989862859249115,-21.82282257080078,13.10867691040039,69.20014190673828,13.10867691040039,574.1567202906073,160.26834261411895,1701.629475869227,656.4553113314478,3129.1748832381945,433.30833027651505,TD,data\td\F13_05_03.wav|data\td\M2_02_05.wav|data\td\F23_02_10.wav|data\td\F17_08_02.wav|data\td\M12_03_04.wav|data\td\F6_06_06.wav|data\td\M11_02_04.wav|data\td\F21_09_10.wav|data\td\F23_07_02.wav|data\td\F15_06_04.wav|data\td\F16_07_05.wav|data\td\M14_05_01.wav|data\td\M16_07_06.wav|data\td\M11_07_02.wav|data\td\F4_10_04.wav|data\td\F21_03_04.wav|data\td\M25_03_02.wav|data\td\F6_01_02.wav|data\td\F18_06_10.wav|data\td\F16_02_03.wav,merged_td_152,td,-11.066850662231445,19.473526000976562,-19.56394386291504,16.47384262084961,-11.100600242614746,16.228708267211914,-10.840608596801758,13.868598937988281,-6.134280681610107,11.856682777404785,-5.056497573852539,12.167672157287598,-4.7887067794799805,9.797698020935059,-5.751641273498535,11.221049308776855,0.33404216170310974,0.34678903222084045,0.2884775996208191,0.3211458921432495,0.28006941080093384,0.31653234362602234,0.30484670400619507,0.3305646479129791,0.30778276920318604,0.3427988588809967,0.2594543397426605,0.31226757168769836,0.22421762347221375,0.2861286997795105,0.23888131976127625,0.30644702911376953,0.2645043134689331,0.31153857707977295,0.315216988325119,0.3350512683391571,0.335284560918808,0.33828872442245483,0.34357210993766785,0.3443290591239929,-0.014642725393180052,5.28552814691931e-05,0.0038760437124304996,60.54482967882611,4.526811761006118e-06,,,,,,,,,,,,,,,,,,,,,,,,,,,,,,,,,,,,,,,,,4000.0,200.0,100.0,200.0,5.0,,,,,,,,,,,
353.0042928627172,93.63905030308365,333.4576446322876,169.64319079487348,976.4211354197035,806.7779446248301,-0.004270267297129681,32.47369615857143,0.2652632055653208,93.63905030308365,0.7971207677952546,806.7779446248301,0.2652632055653208,0.05339065566658974,0.05339065566658974,0.18066242890598863,0.17865506858481098,0.6406825025092004,0.024666848627893166,0.22238664329051971,1.6331400023381204,0.6934457292190223,1633.1400023381204,693.4457292190223,3023.937366702213,1344.162221717932,1404.0937263862484,405.7336158298593,0.12033405675153293,0.06628720962456647,-298.535400390625,100.22727966308594,83.91630554199219,37.14522933959961,-16.967294692993164,40.83043670654297,1.104461431503296,34.63046646118164,-42.90412521362305,31.561325073242188,0.056225262582302094,0.05339065566658974,-23.136240005493164,13.861568450927734,72.75226593017578,13.861568450927734,607.0783601453037,161.0999778206918,1728.6559418785678,637.544862956565,3076.8655941878574,375.1296744542519,TD,data\td\F25_02_04.wav|data\td\M1_09_10.wav|data\td\F18_02_02.wav|data\td\F14_09_03.wav|data\td\F14_09_09.wav|data\td\F17_08_04.wav|data\td\F14_07_05.wav|data\td\M20_07_09.wav|data\td\F14_01_06.wav|data\td\F3_07_04.wav|data\td\M22_05_02.wav|data\td\F4_04_10.wav|data\td\M15_10_04.wav|data\td\M22_08_09.wav|data\td\M18_08_04.wav|data\td\F14_02_06.wav|data\td\M21_02_07.wav|data\td\F15_03_04.wav|data\td\M3_01_10.wav|data\td\M2_10_02.wav,merged_td_153,td,-9.816431999206543,19.972929000854492,-21.289560317993164,17.08539581298828,-8.335468292236328,15.655457496643066,-10.049599647521973,15.008583068847656,-3.2832906246185303,11.622196197509766,-6.3571343421936035,11.582625389099121,-7.622970104217529,11.85774040222168,-3.8026654720306396,11.704192161560059,0.3108126223087311,0.3276914060115814,0.3019064664840698,0.3381563127040863,0.26942405104637146,0.3159879446029663,0.27908045053482056,0.32572707533836365,0.2740453779697418,0.31459784507751465,0.2712186276912689,0.31274569034576416,0.2701806426048279,0.3125801682472229,0.2558312714099884,0.30990901589393616,0.25357067584991455,0.3050149977207184,0.2831729054450989,0.3184410333633423,0.33148375153541565,0.34668874740600586,0.3233738839626312,0.33257830142974854,-0.0008676690774540638,-2.7548259785816775e-05,0.0018518960862305624,45.36858390959871,3.83304600066464e-06,,,,,,,,,,,,,,,,,,,,,,,,,,,,,,,,,,,,,,,,,4000.0,200.0,100.0,200.0,5.0,,,,,,,,,,,
386.6166132906739,148.96908933717995,344.22285126022734,179.73069985652097,1479.9776908465376,1300.2469909900167,0.052826393758080625,55.7603634234474,0.38531476459129554,148.96908933717995,0.7480671820847774,1300.2469909900167,0.38531476459129554,0.05023714154958725,0.05023714154958725,0.21354723707664885,0.18538324420677363,0.6010695187165775,0.029537523208059902,0.2019977867603302,1.5592258965624628,0.6505831389101123,1559.2258965624628,650.5831389101123,2900.541105705145,1288.9238997458974,1361.7822111743824,405.9548655676722,0.11403183109504132,0.05679368336223925,-296.1450500488281,93.1797866821289,87.9633560180664,36.98714065551758,-15.619132995605469,38.035823822021484,3.836137533187866,35.034690856933594,-40.91268539428711,32.176509857177734,0.05346186086535454,0.05023714154958725,-23.066652297973633,12.704615592956543,69.85782623291016,12.704615592956543,576.2324857291127,164.6465951472523,1699.1800726517902,644.2925420047121,3044.940321743643,396.4348266326687,TD,data\td\F6_08_04.wav|data\td\M20_02_04.wav|data\td\M2_08_09.wav|data\td\M17_05_03.wav|data\td\M2_01_10.wav|data\td\F18_06_07.wav|data\td\F21_03_01.wav|data\td\M16_02_03.wav|data\td\M13_02_10.wav|data\td\F1_09_03.wav|data\td\F6_06_07.wav|data\td\F7_08_04.wav|data\td\F18_01_01.wav|data\td\F9_06_10.wav|data\td\F14_01_08.wav|data\td\F8_02_01.wav|data\td\M15_04_07.wav|data\td\M16_10_01.wav|data\td\F19_10_10.wav|data\td\M14_08_06.wav,merged_td_154,td,-13.210192680358887,19.953388214111328,-15.947904586791992,16.481203079223633,-11.804624557495117,17.546653747558594,-11.19107437133789,13.610334396362305,-2.9597795009613037,13.23612117767334,-4.856651782989502,12.286691665649414,-5.278034210205078,11.61773681640625,-5.80619478225708,11.079763412475586,0.32822853326797485,0.34532299637794495,0.3083323836326599,0.336895614862442,0.27255979180336,0.3146361708641052,0.25597843527793884,0.30666637420654297,0.28044623136520386,0.31514546275138855,0.311603307723999,0.340654194355011,0.258990615606308,0.3048819303512573,0.22475093603134155,0.28870299458503723,0.2152748554944992,0.27634644508361816,0.2723781168460846,0.3119504749774933,0.3491780757904053,0.35660886764526367,0.33753788471221924,0.3362058103084564,0.027309314096790726,1.39908110968542e-05,-0.0005131260122126176,77.56213233028845,-3.372515605232227e-06,,,,,,,,,,,,,,,,,,,,,,,,,,,,,,,,,,,,,,,,,4000.0,200.0,100.0,200.0,5.0,,,,,,,,,,,
